Team_ID,Team_Name,MaxPrepsURL
109,Gilbertville-Don Bosco (IA),https://www.maxpreps.com/ia/gilbertville/don-bosco-dons/football/
194,Colfax Ridgeview-Lexington (IL),https://www.maxpreps.com/il/colfax/ridgeview-lexington-mustangs/football/
291,Como-Pickton (TX),https://www.maxpreps.com/tx/como/como-pickton-eagles/football/
292,Huntington East (WV),https://www.maxpreps.com/wv/huntington/huntington-highlanders/football/
336,Bloomsburg ColumbiaMontour Vo-Tech (PA),https://www.maxpreps.com/pa/bloomsburg/columbia-montour-vo-tech-rams/football/
460,San Antonio The Christian School at Castle Hills (TX),https://www.maxpreps.com/tx/san-antonio/the-christian-school-at-castle-hills-eagles/football/
485,Duluth Notre Dame Academy (GA),https://www.maxpreps.com/ga/duluth/notre-dame-academy-irish-wolfhounds/football/
508,Cambridge Buckingham Browne & Nichols (MA),https://www.maxpreps.com/ma/cambridge/buckingham-browne-and-nichols-knights/football/
661,Alta-Aurelia (IA),https://www.maxpreps.com/ia/alta/alta-aurelia-warriors/football/
671,Fort Worth V.R. Eaton (TX),https://www.maxpreps.com/tx/fort-worth/vr-eaton-eagles/football/
707,Mobile St. Luke's Episcopal (AL),https://www.maxpreps.com/al/mobile/st-lukes-episcopal-wildcats/football/
818,Anderson-Shiro (TX),https://www.maxpreps.com/tx/anderson/anderson-shiro-fighting-owls/football/
869,Philadelphia KIPP DuBois Collegiate Academy (PA),https://www.maxpreps.com/pa/philadelphia/kipp-dubois-collegiate-academy/football/
947,Brownsville Jubilee (TX),https://www.maxpreps.com/tx/brownsville/jubilee-brownsville-titans/football/
967,Thomaston Upson-Lee (GA),https://www.maxpreps.com/ga/thomaston/upson-lee-knights/football/
1019,Upton Blackstone Valley RVT (MA),https://www.maxpreps.com/ma/upton/blackstone-valley-rvt-beavers/football/
1143,Richardson Canyon Creek Christian Academy (TX),https://www.maxpreps.com/tx/richardson/richardson-eagles/football/
1411,Woodstock The King's Academy (GA),https://www.maxpreps.com/ga/woodstock/the-kings-academy-knights/football/
1440,Brandon-Evansville (MN),https://www.maxpreps.com/mn/brandon/brandon-evansville-ashby/football/
1451,Vicksburg Porter's Chapel Academy (MS),https://www.maxpreps.com/ms/vicksburg/vicksburg-gators/football/
1468,New Lenox Lincoln-Way West (IL),https://www.maxpreps.com/il/new-lenox/lincoln-way-west-warriors/football/
1482,Louisville Central (KY),https://www.maxpreps.com/ky/louisville/central-yellow-jackets/football/
1491,Prairie Du Chien Martin Luther Prep (WI),https://www.maxpreps.com/wi/prairie-du-chien/prairie-du-chien-blackhawks/football/
1502,Albany St. Marys (CA),https://www.maxpreps.com/ca/albany/saint-marys-panthers/football/
1539,Yamhill-Carlton (OR),https://www.maxpreps.com/or/yamhill/yamhill-carlton-tigers/football/
1566,Spokane Lewis & Clark (WA),https://www.maxpreps.com/wa/spokane/lewis-and-clark-tigers/football/
1570,Woodstock Northside Christian Academy (GA),https://www.maxpreps.com/ga/woodstock/woodstock-wolverines/football/
1635,Grass Range (MT),https://www.maxpreps.com/mt/grass-range/grass-range-winnett-rangers/football/
1723,North Jackson-Milton (OH),https://www.maxpreps.com/oh/north-jackson/jackson-milton-bluejays/football/
1793,The Woodlands McCullough (TX),https://www.maxpreps.com/tx/the-woodlands/the-woodlands-christian-academy-warriors/football/
1805,Edgewood-Colesburg (IA),https://www.maxpreps.com/ia/edgewood/edgewood-colesburg-vikings/football/
1922,Chetek-Weyerhaeuser (WI),https://www.maxpreps.com/wi/chetek/chetek-weyerhaeuser-bulldogs/football/
1957,Lake City South Central Calhoun (IA),https://www.maxpreps.com/ia/lake-city/south-central-calhoun-titans/football/
1996,Katy St. Pope John XXIII (TX),https://www.maxpreps.com/tx/katy/st-john-xxiii-lions/football/
2090,Siler City Jordan-Matthews (NC),https://www.maxpreps.com/nc/siler-city/jordan-matthews-jets/football/
2177,Pensacola Lighthouse Private Christian Academy (FL),https://www.maxpreps.com/fl/pensacola/lighthouse-private-christian-academy-stingrays/football/
2339,Logan-Magnolia (IA),https://www.maxpreps.com/ia/logan/logan-magnolia-panthers/football/
2362,Dover Plains (NY),https://www.maxpreps.com/ny/dover-plains/dover-dragons/football/
2365,Downey St. Pius X (CA),https://www.maxpreps.com/ca/downey/st-pius-x-st-matthias-academy-warriors/football/
2371,Garden City St.Paul's (NY),https://www.maxpreps.com/ny/garden-city/garden-city-trojans/football/
2509,Tulsa Booker T. Washington (OK),https://www.maxpreps.com/ok/tulsa/booker-t-washington-hornets/football/
2518,Estill Patrick Henry Academy (SC),https://www.maxpreps.com/sc/estill/patrick-henry-academy-patriots/football/
2556,Johnson City (TX),https://www.maxpreps.com/tx/johnson-city/johnson-city-eagles/football/
2715,Conroe Northside Lions Sports Association (TX),https://www.maxpreps.com/tx/conroe/northside-lions-sports-association-lions/football/
2861,Greenport-Southold-Mattituck (NY),https://www.maxpreps.com/ny/greenport/mattituck-southold-greenport-porters/football/
2921,Bowie (TX),https://www.maxpreps.com/tx/bowie/bowie-jackrabbits/football/
3079,Maywood-Hayes Center (NE),https://www.maxpreps.com/ne/maywood/maywood-hayes-center-wolves/football/
3081,North Dighton-Rehoboth Regional (MA),https://www.maxpreps.com/ma/north-dighton/dighton-rehoboth-regional-falcons/football/
3113,Oakland-Craig (NE),https://www.maxpreps.com/ne/oakland/oakland-craig-knights/football/
3219,Greenwood Delta Streets Academy (MS),https://www.maxpreps.com/ms/greenwood/delta-streets-academy-lions/football/
3470,Dallas Beverly Hills Christian (TX),https://www.maxpreps.com/tx/dallas/adamson-leopards/football/
3586,East Orange (NJ),https://www.maxpreps.com/nj/east-orange/east-orange-campus-jaguars/football/
3727,Austin St. Michael's (TX),https://www.maxpreps.com/tx/austin/st-michaels-crusaders/football/
3861,Middletown Madison Senior (OH),https://www.maxpreps.com/oh/middletown/middletown-middies/football/
3869,Brookville Long Island Lutheran (NY),https://www.maxpreps.com/ny/brookville/long-island-lutheran-crusaders/football/
3904,West Islip St. John the Baptist (NY),https://www.maxpreps.com/ny/west-islip/st-john-the-baptist-cougars/football/
3943,Momence Coop (IL),https://www.maxpreps.com/il/momence/momence-momence-athletics/football/
4012,Richardton-Taylor (ND),https://www.maxpreps.com/nd/richardton/richardton-taylor-hebron-raiders/football/
4037,Helendale Academy of Careers & Exploration (CA),https://www.maxpreps.com/ca/helendale/academy-of-careers-and-exploration-eagle/football/
4041,Oxford Trinity Christian Academy (AL),https://www.maxpreps.com/al/oxford/oxford-yellow-jackets/football/
4058,Richfield Academy of Holy Angels (MN),https://www.maxpreps.com/mn/richfield/academy-of-holy-angels-stars/football/
4135,Cato-Meridian (NY),https://www.maxpreps.com/ny/cato/cato-meridian-blue-devils/football/
4183,San Antonio John F. Kennedy (TX),https://www.maxpreps.com/tx/san-antonio/john-f-kennedy-rockets/football/
4233,Columbus Junction (IA),https://www.maxpreps.com/ia/columbus-junction/columbus-wildcats/football/
4255,Vincent (AL),https://www.maxpreps.com/al/vincent/vincent-yellow-jackets/football/
4256,Folsom Vista del Lago (CA),https://www.maxpreps.com/ca/folsom/vista-del-lago-eagles/football/
4271,Rock Valley (IA),https://www.maxpreps.com/ia/rock-valley/boyden-hull-rock-valley-nighthawks/football/
4315,Rochester Greece Olympia-Greece Odyssey (NY),https://www.maxpreps.com/ny/rochester/greece-olympia-greece-odyssey/football/
4333,Yuma Harvest Prep Academy (AZ),https://www.maxpreps.com/az/yuma/harvest-prep-academy-eagle/football/
4418,Velma-Alma (OK),https://www.maxpreps.com/ok/velma/velma-alma-comets/football/
4540,South Yarmouth Dennis-Yarmouth Regional (MA),https://www.maxpreps.com/ma/south-yarmouth/dennis-yarmouth-regional-dolphins/football/
4547,Tarrytown Irving School for Boys (NY),https://www.maxpreps.com/ny/tarrytown/hackley-hornets/football/
4553,Lynn St. Mary's (MA),https://www.maxpreps.com/ma/lynn/st-marys-spartans/football/
4584,Waverly-South Shore (SD),https://www.maxpreps.com/sd/waverly/waverly-south-shore-coyotes/football/
4695,Bryan St. Joseph Catholic (TX),https://www.maxpreps.com/tx/bryan/st-joseph-catholic-eagles/football/
4810,McDonough Eagle's Landing (GA),https://www.maxpreps.com/ga/mcdonough/eagles-landing-eagles/football/
4874,Greenwich Country Day (CT),https://www.maxpreps.com/ct/greenwich/greenwich-country-day-tigers/football/
4955,Kerrville Our Lady of the Hills (TX),https://www.maxpreps.com/tx/kerrville/our-lady-of-the-hills-hawks/football/
5075,Silver City (NM),https://www.maxpreps.com/nm/silver-city/silver-fighting-colts/football/
5078,Xenia Woodrow Wilson (OH),https://www.maxpreps.com/oh/xenia/xenia-buccaneers/football/
5168,Miami Immaculata-Lasalle (FL),https://www.maxpreps.com/fl/miami/immaculata-la-salle-royal-lions/football/
5226,Bloomington (TX),https://www.maxpreps.com/tx/bloomington/bloomington-bobcats-lady-cats/football/
5250,Columbus Africentric Early College (OH),https://www.maxpreps.com/oh/columbus/africentric-early-college-nubians/football/
5310,Atlanta Holy Spirit Prep (GA),https://www.maxpreps.com/ga/atlanta/holy-spirit-prep-cougars/football/
5410,Higganum Haddam-Killingworth (CT),https://www.maxpreps.com/ct/higganum/haddam-killingworth-cougars/football/
5435,Branchville (SC),https://www.maxpreps.com/sc/branchville/branchville-yellow-jackets/football/
5499,Denton Liberty Christian (TX),https://www.maxpreps.com/tx/denton/guyer-wildcats/football/
5531,Texarkana (AR),https://www.maxpreps.com/ar/texarkana/arkansas-razorbacks/football/
5695,Castroville North Monterey County (CA),https://www.maxpreps.com/ca/castroville/north-monterey-county-condors/football/
5698,East Point Tri-Cities (GA),https://www.maxpreps.com/ga/east-point/tri-cities-bulldogs/football/
5824,Dalzell Thomas Sumter Academy (SC),https://www.maxpreps.com/sc/dalzell/thomas-sumter-academy-generals/football/
5863,Pinson East Central HomeSchool (AL),https://www.maxpreps.com/al/pinson/east-central-homeschool-patriots/football/
6001,Bryn Athyn Academy of the New Church (PA),https://www.maxpreps.com/pa/bryn-athyn/academy-of-the-new-church-lions/football/
6019,Winnsboro Richard Winn Academy (SC),https://www.maxpreps.com/sc/winnsboro/richard-winn-academy-eagles/football/
6058,Lafayette Central Catholic (IN),https://www.maxpreps.com/in/lafayette/lafayette-central-catholic-knights/football/
6235,Byfield Governor's Academy (MA),https://www.maxpreps.com/ma/byfield/governors-academy-governors/football/
6257,Fremont California School for the Deaf (CA),https://www.maxpreps.com/ca/fremont/california-school-for-the-deaf-eagles/football/
6346,Cuthbert Randolph-Clay (GA),https://www.maxpreps.com/ga/cuthbert/randolph-clay-red-devils/football/
6359,Cambridge Rindge Tech (MA),https://www.maxpreps.com/ma/cambridge/cambridge-rindge-and-latin-falcons/football/
6366,Lewisville Founders Classical Academy (TX),https://www.maxpreps.com/tx/lewisville/founders-classical-academy-eagles/football/
6383,McDonough Peoples Baptist Academy (GA),https://www.maxpreps.com/ga/mcdonough/peoples-baptist-academy-knights/football/
6435,Coxsackie-Athens (NY),https://www.maxpreps.com/ny/coxsackie/coxsackie-athens-riverhawks/football/
6475,Cobleskill-Richmondville (NY),https://www.maxpreps.com/ny/cobleskill/cobleskill-richmondville-bulldogs/football/
6544,Covina California Christian Frosh (CA),https://www.maxpreps.com/ca/covina/covina-colts/football/
6633,Wyndmere-Lidgerwood (ND),https://www.maxpreps.com/nd/wyndmere/wyndmere-lidgerwood-warbirds/football/
6766,Corpus Christi Tuloso-Midway (TX),https://www.maxpreps.com/tx/corpus-christi/tuloso-midway-warriors-and-cherokees/football/
6807,Studio City Harvard-Westlake (CA),https://www.maxpreps.com/ca/studio-city/harvard-westlake-wolverines/football/
6809,Waxahachie Cornerstone Christian Academy (TX),https://www.maxpreps.com/tx/waxahachie/waxahachie-indians/football/
6887,Stephen-Argyle Central (MN),https://www.maxpreps.com/mn/stephen/stephen-argyle-central-storm/football/
6900,Bohemia Connetquot (NY),https://www.maxpreps.com/ny/bohemia/connetquot-t-birds/football/
6914,Broadalbin-Perth (NY),https://www.maxpreps.com/ny/broadalbin/broadalbin-perth-patriots/football/
6997,Roswell New Mexico Military Institute (NM),https://www.maxpreps.com/nm/roswell/new-mexico-military-institute-colts/football/
6998,Claysburg-Kimmel (PA),https://www.maxpreps.com/pa/claysburg/claysburg-kimmel-bulldogs/football/
7090,West Columbia Gray Collegiate Academy (SC),https://www.maxpreps.com/sc/west-columbia/gray-collegiate-academy-war-eagles/football/
7213,Lisbon Falls-St. Dominic (ME),https://www.maxpreps.com/me/lisbon-falls/lisbon-st-dominic/football/
7326,High Point Christian Academy (NC),https://www.maxpreps.com/nc/high-point/high-point-christian-academy-cougars/football/
7398,Frankfort Lincoln-Way (IL),https://www.maxpreps.com/il/frankfort/lincoln-way-east-griffins/football/
7425,Clarksville Clinton-Massie (OH),https://www.maxpreps.com/oh/clarksville/clinton-massie-falcons/football/
7454,Austin Royals HomeSchool (TX),https://www.maxpreps.com/tx/austin/austin-royals-homeschool-royals/football/
7559,West Roxbury Latin (MA),https://www.maxpreps.com/ma/west-roxbury/roxbury-latin-foxes/football/
7651,Fairhope St. Michael Catholic (AL),https://www.maxpreps.com/al/fairhope/st-michael-catholic-cardinals/football/
7799,Fort Defiance Augusta Military Academy JV (VA),https://www.maxpreps.com/va/fort-defiance/fort-defiance-indians/football/
7801,Philadelphia Kensington (PA),https://www.maxpreps.com/pa/philadelphia/kensington-kensington-tiger/football/
7834,Las Vegas Word of Life Christian Academy (NV),https://www.maxpreps.com/nv/las-vegas/word-of-life-christian-academy/football/
7955,Linden-Kildare (TX),https://www.maxpreps.com/tx/linden/linden-kildare-tigers/football/
7971,Burlington-Edison (WA),https://www.maxpreps.com/wa/burlington/burlington-edison-tigers/football/
8007,Clark Arthur L. Johnson Regional (NJ),https://www.maxpreps.com/nj/clark/johnson-crusaders/football/
8137,Johnson-Stanton County (KS),https://www.maxpreps.com/ks/johnson/stanton-county-trojans/football/
8234,Owego Free Academy (NY),https://www.maxpreps.com/ny/owego/owego-free-academy-river-hawks/football/
8314,Poughkeepsie Our Lady of Lourdes (NY),https://www.maxpreps.com/ny/poughkeepsie/our-lady-of-lourdes-warriors/football/
8325,Pikeville C.B. Aycock (NC),https://www.maxpreps.com/nc/pikeville/cb-aycock-golden-falcons/football/
8346,Florence Township Memorial (NJ),https://www.maxpreps.com/nj/florence/florence-township-memorial-flashes/football/
8410,Cold Spring Harbor (NY),https://www.maxpreps.com/ny/cold-spring-harbor/cold-spring-harbor-seahawks/football/
8471,Lampeter-Strasburg (PA),https://www.maxpreps.com/pa/lampeter/lampeter-strasburg-pioneers/football/
8473,Belmont Stuart W. Cramer (NC),https://www.maxpreps.com/nc/belmont/stuart-w-cramer-storm/football/
8498,Culver City Pacific Military Academy (CA),https://www.maxpreps.com/ca/culver-city/culver-city-centaurs/football/
8499,Kingsley-Pierson (IA),https://www.maxpreps.com/ia/kingsley/kingsley-pierson-panthers/football/
8590,Santa Maria Valley Christian Academy (CA),https://www.maxpreps.com/ca/santa-maria/valley-christian-academy-lions/football/
8596,Houston St. Francis Episcopal (TX),https://www.maxpreps.com/tx/houston/st-francis-episcopal/football/
8643,Franklin Park East Leyden (IL),https://www.maxpreps.com/il/franklin-park/leyden-eagles/football/
8650,Santa Clara St. Lawrence Academy (CA),https://www.maxpreps.com/ca/santa-clara/santa-clara-bruins/football/
8849,Anderson T.L. Hanna (SC),https://www.maxpreps.com/sc/anderson/tl-hanna-yellow-jackets/football/
8981,Mott-Regent (ND),https://www.maxpreps.com/nd/mott/mott-regent-new-england/football/
9025,White House-Heritage (TN),https://www.maxpreps.com/tn/white-house/white-house-heritage-patriots/football/
9102,Aberdeen-Weatherwax (WA),https://www.maxpreps.com/wa/aberdeen/aberdeen-bobcats/football/
9341,Melcher-Dallas (IA),https://www.maxpreps.com/ia/melcher/melcher-dallas-saints/football/
9365,Austin Northeast Early College (TX),https://www.maxpreps.com/tx/austin/northeast-early-college-raiders/football/
9442,Santa Fe Indian (NM),https://www.maxpreps.com/nm/santa-fe/santa-fe-indian-braves-and-lady-braves/football/
9654,Johnstown Central Catholic (PA),https://www.maxpreps.com/pa/johnstown/bishop-mccort-crushers/football/
9670,Winchester George Rogers Clark (KY),https://www.maxpreps.com/ky/winchester/george-rogers-clark-cardinals/football/
9774,Douglasville Harvester Christian Academy (GA),https://www.maxpreps.com/ga/douglasville/harvester-christian-academy-hawks/football/
9802,San Antonio Jefferson JV (TX),https://www.maxpreps.com/tx/san-antonio/young-mens-leadership-academy/football/
9818,Raymond Central Hinds Academy (MS),https://www.maxpreps.com/ms/raymond/central-hinds-academy-cougars/football/
9831,Amherst-Pelham Regional (MA),https://www.maxpreps.com/ma/amherst/amherst-pelham-regional-hurricanes/football/
9843,Colfax-Mingo (IA),https://www.maxpreps.com/ia/colfax/colfax-mingo-tigerhawks/football/
9967,Falls City-Kings Valley Charter (OR),https://www.maxpreps.com/or/falls-city/falls-city-mountaineers/football/
10191,Washington Gunnery School (CT),https://www.maxpreps.com/ct/washington/frederick-gunn-highlanders/football/
10216,Olney Our Lady of Good Counsel (MD),https://www.maxpreps.com/md/olney/our-lady-of-good-counsel-falcons/football/
10305,Georgetown Great Crossing (KY),https://www.maxpreps.com/ky/georgetown/great-crossing/football/
10439,Middletown St. George's (RI),https://www.maxpreps.com/ri/middletown/st-georges-dragons/football/
10554,Dell Rapids St. Mary's (SD),https://www.maxpreps.com/sd/dell-rapids/dell-rapids-quarriers/football/
10615,Bulverde Gloria Deo Academy (TX),https://www.maxpreps.com/tx/bulverde/gloria-deo-academy-lions/football/
10730,Vancouver King's Way Christian (WA),https://www.maxpreps.com/wa/vancouver/kings-way-christian-knights/football/
10791,Matthews David W. Butler (NC),https://www.maxpreps.com/nc/matthews/david-w-butler-bulldogs/football/
11028,Cypress Cy-Woods (TX),https://www.maxpreps.com/tx/cypress/cypress-woods-wildcats/football/
11089,Albany Christian Brothers Academy (NY),https://www.maxpreps.com/ny/albany/christian-brothers-academy-brothers/football/
11220,Cairo-Durham (NY),https://www.maxpreps.com/ny/cairo/cairo-durham-catskill/football/
11284,Hillsborough Crystal Springs Uplands (CA),https://www.maxpreps.com/ca/hillsborough/crystal-springs-uplands-gryphons/football/
11404,Northampton-Smith Vo-Tech (MA),https://www.maxpreps.com/ma/northampton/smith-vo-tech-vikings/football/
11430,Durham Mount Zion Christian Academy (NC),https://www.maxpreps.com/nc/durham/mount-zion-christian-academy-mighty-warriors/football/
11457,Cordova St. Benedict at Auburndale (TN),https://www.maxpreps.com/tn/cordova/st-benedict-at-auburndale-eagles/football/
11581,McDonough New Creation Christian (GA),https://www.maxpreps.com/ga/mcdonough/new-creation-christian-academy-crusaders/football/
11663,Belmont-Gilford (NH),https://www.maxpreps.com/nh/belmont/belmont-gilford-red-raiders/football/
11701,Chouteau-Mazie (OK),https://www.maxpreps.com/ok/chouteau/chouteau-mazie-wildcats/football/
11782,Watertown Great Plains Lutheran (SD),https://www.maxpreps.com/sd/watertown/great-plains-lutheran-panthers/football/
12157,Swannanoa Asheville Christian Academy (NC),https://www.maxpreps.com/nc/swannanoa/asheville-christian-academy-lions/football/
12194,East Brewton W.S. Neal (AL),https://www.maxpreps.com/al/east-brewton/ws-neal-eagles/football/
12276,Marietta Johnson Ferry Christian Academy (GA),https://www.maxpreps.com/ga/marietta/johnson-ferry-christian-academy-saints/football/
12288,Belden Tupelo Christian Prep (MS),https://www.maxpreps.com/ms/belden/tupelo-christian-prep-eagles/football/
12297,Oakfield-Alabama (NY),https://www.maxpreps.com/ny/oakfield/oakfield-alabama-elba-aggies/football/
12308,Rolling Fork Sharkey Issaquena Academy (MS),https://www.maxpreps.com/ms/rolling-fork/sharkey-issaquena-academy-confederates/football/
12637,Dallas A Plus Academy (TX),https://www.maxpreps.com/tx/dallas/a-plus-academy-knights/football/
12770,Durant Victory Life Academy (OK),https://www.maxpreps.com/ok/durant/durant-lions/football/
12799,Bryant Arkansas Christian Academy (AR),https://www.maxpreps.com/ar/bryant/arkansas-christian-academy-knights/football/
12834,Westford Nashoba Valley Tech (MA),https://www.maxpreps.com/ma/westford/nashoba-valley-tech-vikings/football/
12972,Plainfield Charlton School for Boys (IN),https://www.maxpreps.com/in/plainfield/plainfield-quakers/football/
12985,Kingston Silver Lake Regional (MA),https://www.maxpreps.com/ma/kingston/silver-lake-regional-lakers/football/
13014,Montgomery Valiant Cross Academy (AL),https://www.maxpreps.com/al/montgomery/valiant-cross-academy-warriors/football/
13049,Ypsilanti Community (MI),https://www.maxpreps.com/mi/ypsilanti/ypsilanti-grizzlies/football/
13067,Charlotte Hickory Grove Christian (NC),https://www.maxpreps.com/nc/charlotte/hickory-grove-christian-lions/football/
13078,Oxford Orphanage (NC),https://www.maxpreps.com/nc/oxford/jf-webb-warriors/football/
13091,Crowley Nazarene Christian Academy (TX),https://www.maxpreps.com/tx/crowley/nazarene-christian-academy-lions/football/
13143,San Angelo Central (TX),https://www.maxpreps.com/tx/san-angelo/san-angelo-central-bobcats/football/
13205,Waukomis Pioneer-Pleasant Vale (OK),https://www.maxpreps.com/ok/waukomis/pioneer-pleasant-vale-mustangs/football/
13234,Levittown Harry S. Truman (PA),https://www.maxpreps.com/pa/levittown/harry-s-truman-tigers/football/
13277,Philadelphia Murrell Dobbins Vo-Tech (PA),https://www.maxpreps.com/pa/philadelphia/murrell-dobbins-vo-tech/football/
13384,Rochester Old Colony RVT (MA),https://www.maxpreps.com/ma/rochester/old-colony-rvt-cougars/football/
13425,Kenosha Bradford-Reuther (WI),https://www.maxpreps.com/wi/kenosha/bradford-reuther-red-devils/football/
13489,Plano Coram Deo Academy (TX),https://www.maxpreps.com/tx/plano/coram-deo-academy-lions/football/
13576,Fairless Hills Conwell-Egan Catholic (PA),https://www.maxpreps.com/pa/fairless-hills/conwell-egan-catholic-eagles/football/
13647,Middletown St. Georges Tech (DE),https://www.maxpreps.com/de/middletown/st-georges-tech-hawks/football/
13664,Tyngsborough Greater Lowell Tech (MA),https://www.maxpreps.com/ma/tyngsborough/greater-lowell-tech-gryphons/football/
13668,Houston St. John's (TX),https://www.maxpreps.com/tx/houston/st-johns-mavericks/football/
13692,Bronxville Concordia Prep (NY),https://www.maxpreps.com/ny/bronxville/bronxville-broncos/football/
13743,Clifton Springs Midlakes (NY),https://www.maxpreps.com/ny/clifton-springs/midlakes-screaming-eagles/football/
13836,Austin St. Savio Dominic (TX),https://www.maxpreps.com/tx/austin/savio-eagles/football/
13859,Papillion-La Vista South (NE),https://www.maxpreps.com/ne/papillion/papillion-lavista-south-titans/football/
13899,Bogalusa Ben's Ford Christian (LA),https://www.maxpreps.com/la/bogalusa/bens-ford-christian-eagles/football/
13914,LeRoy Coop (IL),https://www.maxpreps.com/il/leroy/leroy-panthers/football/
13977,Wabasha-Kellogg (MN),https://www.maxpreps.com/mn/wabasha/wabasha-kellogg-falcons/football/
14086,Newburgh Free Academy (NY),https://www.maxpreps.com/ny/newburgh/newburgh-free-academy-goldbacks/football/
14120,Roxbury O'Bryant (MA),https://www.maxpreps.com/ma/roxbury/obryant-tigers/football/
14258,Marion Linn-Mar (IA),https://www.maxpreps.com/ia/marion/linn-mar-lions/football/
14469,Dawson-Boyd (MN),https://www.maxpreps.com/mn/dawson/dawson-boyd-blackjacks/football/
14521,Monongahela Valley Catholic (PA),https://www.maxpreps.com/pa/monongahela/ringgold-rams/football/
14705,Cicero-North Syracuse (NY),https://www.maxpreps.com/ny/cicero/cicero-north-syracuse-northstars/football/
14757,Dobbs Ferry Mackenzie School (NY),https://www.maxpreps.com/ny/dobbs-ferry/dobbs-ferry-eagles/football/
14778,Brookings-Harbor (OR),https://www.maxpreps.com/or/brookings/brookings-harbor-bruins/football/
14779,Eddy Bruceville-Eddy (TX),https://www.maxpreps.com/tx/eddy/bruceville-eddy-eagles/football/
14935,Gatlinburg-Pittman (TN),https://www.maxpreps.com/tn/gatlinburg/gatlinburg-pittman-highlanders/football/
14937,Churchville-Chili (NY),https://www.maxpreps.com/ny/churchville/churchville-chili-saints/football/
15060,Great Falls C M Russell (MT),https://www.maxpreps.com/mt/great-falls/russell-rustlers/football/
15210,Savanna West Carroll Coop (IL),https://www.maxpreps.com/il/savanna/west-carroll-thunder/football/
15225,Blacksville Clay-Battelle (WV),https://www.maxpreps.com/wv/blacksville/clay-battelle-cee-bees/football/
15380,Corona Christian Heritage (CA),https://www.maxpreps.com/ca/corona/corona-panthers/football/
15627,Urbandale JV (IA),https://www.maxpreps.com/ia/urbandale/urbandale-j-hawks/football/
15640,Cedar Hill Newman International Academy (TX),https://www.maxpreps.com/tx/cedar-hill/newman-international-academy-warriors/football/
15661,Houston Cesar E. Chavez (TX),https://www.maxpreps.com/tx/houston/cesar-e-chavez-lobos/football/
15698,Biddeford St. Francis (ME),https://www.maxpreps.com/me/biddeford/biddeford-tigers/football/
15875,Greenville J.H. Rose (NC),https://www.maxpreps.com/nc/greenville/jh-rose-rampants/football/
15948,Corpus Christi Annapolis Christian Academy (TX),https://www.maxpreps.com/tx/corpus-christi/annapolis-christian-academy-warriors/football/
15970,Bulverde Living Rock Academy (TX),https://www.maxpreps.com/tx/bulverde/living-rock-academy-bobcat/football/
16005,Montgomery St. James (AL),https://www.maxpreps.com/al/montgomery/saint-james-trojans/football/
16061,Kimball-White Lake (SD),https://www.maxpreps.com/sd/kimball/kimball-white-lake-wildkats/football/
16157,El Paso Americas (TX),https://www.maxpreps.com/tx/el-paso/americas-trail-blazers/football/
16175,Temecula Saint Jeanne de Lestonnac Catholic School (CA),https://www.maxpreps.com/ca/temecula/saint-jeanne-de-lestonnac-catholic-school-mustangs/football/
16270,Atlanta Business Engineering Science Tech (GA),https://www.maxpreps.com/ga/atlanta/business-engineering-science-tech-eagles/football/
16324,Lead-Deadwood (SD),https://www.maxpreps.com/sd/lead/lead-deadwood-golddiggers/football/
16335,Leakey Big Springs Charter (TX),https://www.maxpreps.com/tx/leakey/big-springs-charter-bscs-hawks/football/
16349,Isle of Wight Academy (VA),https://www.maxpreps.com/va/isle-of-wight/isle-of-wight-academy-chargers/football/
16580,Covington St. Augustine (KY),https://www.maxpreps.com/ky/covington/scott-eagles/football/
16591,Viborg-Hurley (SD),https://www.maxpreps.com/sd/viborg/viborg-hurley-cougars/football/
16609,Mesa Sequoia (AZ),https://www.maxpreps.com/az/mesa/sequoia-charter-stallions/football/
16746,Floral Park Memorial (NY),https://www.maxpreps.com/ny/floral-park/floral-park-memorial-knights/football/
16747,Tavares Liberty Christian Prep (FL),https://www.maxpreps.com/fl/tavares/liberty-christian-prep-lions/football/
16840,Glencoe-Silver Lake (MN),https://www.maxpreps.com/mn/glencoe/glencoe-silver-lake-panthers/football/
16849,Milledgeville John Milledge Academy (GA),https://www.maxpreps.com/ga/milledgeville/john-milledge-academy-trojans/football/
16866,Sugar City Sugar-Salem (ID),https://www.maxpreps.com/id/sugar-city/sugar-salem-diggers/football/
16946,Gary Calumet New Tech (IN),https://www.maxpreps.com/in/gary/calumet-new-tech-warriors/football/
16952,Thibodaux E.D. White (LA),https://www.maxpreps.com/la/thibodaux/ed-white-cardinals/football/
16973,Sparta John Hancock Academy (GA),https://www.maxpreps.com/ga/sparta/john-hancock-academy-rebels/football/
16986,Aurora Christian Academy (CO),https://www.maxpreps.com/co/aurora/aurora-central-trojans/football/
17111,Philadelphia Springside Chestnut Hill Academy (PA),https://www.maxpreps.com/pa/philadelphia/springside-chestnut-hill-academy-blue-devils/football/
17134,Dallas Gateway Charter Academy (TX),https://www.maxpreps.com/tx/dallas/gateway-charter-academy-gators/football/
17154,La Marque Abundant Life Christian (TX),https://www.maxpreps.com/tx/la-marque/la-marque-cougars/football/
17166,Locust Grove Strong Rock Christian (GA),https://www.maxpreps.com/ga/locust-grove/strong-rock-christian-patriots/football/
17234,Abington Friends (PA),https://www.maxpreps.com/pa/abington/abington-galloping-ghosts/football/
17310,Newtown Square Marple (PA),https://www.maxpreps.com/pa/newtown-square/marple-newtown-fightin-tigers/football/
17353,Grandfalls-Royalty (TX),https://www.maxpreps.com/tx/grandfalls/grandfalls-royalty-cowboys/football/
17382,Las Vegas Democracy Prep Agassi Campus (NV),https://www.maxpreps.com/nv/las-vegas/democracy-prep-agassi-campus-blue-knights/football/
17432,Concord St. Paul's (NH),https://www.maxpreps.com/nh/concord/st-pauls-big-red/football/
17443,High Point T. Wingate Andrews (NC),https://www.maxpreps.com/nc/high-point/t-wingate-andrews-red-raiders/football/
17509,Harpersville Coosa Valley Academy (AL),https://www.maxpreps.com/al/harpersville/coosa-valley-academy-rebels/football/
17653,Guthrie Center-Adair-Casey (IA),https://www.maxpreps.com/ia/guthrie-center/adair-casey-guthrie-center/football/
17661,Princeton Hun School (NJ),https://www.maxpreps.com/nj/princeton/princeton-tigers/football/
17671,Blackville Jefferson Davis Academy (SC),https://www.maxpreps.com/sc/blackville/jefferson-davis-academy-raiders/football/
17746,Greensboro Ben L. Smith (NC),https://www.maxpreps.com/nc/greensboro/ben-l-smith-golden-eagles/football/
17750,Glendale Desert Heights Prep (AZ),https://www.maxpreps.com/az/glendale/desert-heights-prep-yote/football/
17760,Peabody Veterans Memorial (MA),https://www.maxpreps.com/ma/peabody/peabody-veterans-memorial-tanners/football/
17835,Semmes Montgomery (AL),https://www.maxpreps.com/al/semmes/mary-g-montgomery-vikings/football/
18042,Binghamton Chenango Valley Central (NY),https://www.maxpreps.com/ny/binghamton/chenango-valley-warriors/football/
18060,Burnt Hills (NY),https://www.maxpreps.com/ny/burnt-hills/burnt-hills-ballston-lake-spartans/football/
18065,Huntersville South Lake Christian Academy (NC),https://www.maxpreps.com/nc/huntersville/southlake-christian-academy-eagles/football/
18080,White Bear Lake Mariner (MN),https://www.maxpreps.com/mn/white-bear-lake/white-bear-lake-bears/football/
18201,Holmdel St. John-Vianney (NJ),https://www.maxpreps.com/nj/holmdel/st-john-vianney-lancers/football/
18398,Harvey Thornton Township (IL),https://www.maxpreps.com/il/harvey/thornton-wildcats/football/
18441,Toledo DeVilbiss (OH),https://www.maxpreps.com/oh/toledo/toledo-christian-eagles/football/
18486,Winston-Salem Mineral Springs (NC),https://www.maxpreps.com/nc/winston-salem/mount-tabor-spartans/football/
18529,Ottawa Marquette Academy (IL),https://www.maxpreps.com/il/ottawa/marquette-crusaders/football/
18644,Georgetown Grace Academy (TX),https://www.maxpreps.com/tx/georgetown/grace-academy/football/
18763,Tarkio East Atchison [Tarkio-Fairfax] (MO),https://www.maxpreps.com/mo/tarkio/east-atchison-tarkio-fairfax-/football/
18818,Wisner-Pilger (NE),https://www.maxpreps.com/ne/wisner/wisner-pilger-gators/football/
18835,Camden Military Academy (SC),https://www.maxpreps.com/sc/camden/camden-military-spartans/football/
18866,Wood Ridge Wood-Ridge (NJ),https://www.maxpreps.com/nj/wood-ridge/wood-ridge-blue-devils/football/
18927,Sandusky St. Mary Central Catholic (OH),https://www.maxpreps.com/oh/sandusky/st-mary-central-catholic-panthers/football/
18958,Tripp-Delmont (SD),https://www.maxpreps.com/sd/tripp/tripp-delmont-armour-andes-central-dakota-christian/football/
18968,Clyde Clifton-Clyde (KS),https://www.maxpreps.com/ks/clyde/clifton-clyde-eagles/football/
19176,Ellsworth-Sumner (ME),https://www.maxpreps.com/me/ellsworth/ellsworth-sumner-stevens-academy/football/
19198,Dorchester Burke (MA),https://www.maxpreps.com/ma/dorchester/tech-boston-academy/football/
19203,Bardstown St. Joseph's Prep (KY),https://www.maxpreps.com/ky/bardstown/bardstown-tigers/football/
19239,Sioux Falls O'Gorman (SD),https://www.maxpreps.com/sd/sioux-falls/ogorman-knights/football/
19251,Mobile UMS-Wright Prep (AL),https://www.maxpreps.com/al/mobile/ums-wright-prep-bulldogs/football/
19264,Littleton Front Range Christian (CO),https://www.maxpreps.com/co/littleton/front-range-christian-falcons/football/
19276,Graham-Kapowsin (WA),https://www.maxpreps.com/wa/graham/graham-kapowsin-eagles/football/
19361,Fayetteville Berean Baptist Academy (NC),https://www.maxpreps.com/nc/fayetteville/berean-baptist-academy-bulldogs/football/
19390,Fort Wingate (NM),https://www.maxpreps.com/nm/fort-wingate/wingate/football/
19425,Casa Grande Mission Heights Prep (AZ),https://www.maxpreps.com/az/casa-grande/mission-heights-prep-phantoms/football/
19536,Giddings Lonestar Southeast (TX),https://www.maxpreps.com/tx/giddings/giddings-lonestar-southeast-mustangs/football/
19895,Hanover South Shore Vo-Tech (MA),https://www.maxpreps.com/ma/hanover/south-shore-vo-tech-vikings/football/
19927,Houston Pro-Vision Academy (TX),https://www.maxpreps.com/tx/houston/pro-vision-academy-warriors/football/
19964,Bancroft-Rosalie (NE),https://www.maxpreps.com/ne/bancroft/bancroft-rosalie-panthers/football/
20159,Old Orchard Beach (ME),https://www.maxpreps.com/me/old-orchard-beach/old-orchard-beach-seagulls/football/
20274,Wagener-Salley (SC),https://www.maxpreps.com/sc/wagener/wagener-salley-war-eagles/football/
20412,Edison Pataula Charter Academy (GA),https://www.maxpreps.com/ga/edison/pataula-charter-academy-panthers/football/
20426,Geneseo-Mount Morris (NY),https://www.maxpreps.com/ny/geneseo/geneseo-mount-morris/football/
20660,Austin St. Andrew's (TX),https://www.maxpreps.com/tx/austin/st-andrews-highlanders/football/
20746,Shoreham-Wading River (NY),https://www.maxpreps.com/ny/shoreham/shoreham-wading-river-wildcats/football/
20911,Pittsfield Maine Central Institute (ME),https://www.maxpreps.com/me/pittsfield/maine-central-institute-huskies/football/
20992,Keller Harvest Christian Academy (TX),https://www.maxpreps.com/tx/keller/harvest-christian-academy-saints/football/
21065,East Syracuse-Minoa (NY),https://www.maxpreps.com/ny/east-syracuse/east-syracuse-minoa-spartans/football/
21193,Carmel-By-The-Sea Carmel Valley (CA),https://www.maxpreps.com/ca/carmel/carmel-padres/football/
21295,Basking Ridge (NJ),https://www.maxpreps.com/nj/basking-ridge/ridge-red-devil/football/
21352,Demarest Northern Valley Regional (NJ),https://www.maxpreps.com/nj/demarest/nv-demarest-norsemen/football/
21425,Juneau-Douglas (AK),https://www.maxpreps.com/ak/juneau/juneau-douglas-crimson-bears/football/
21462,Phoenix Brophy College Prep (AZ),https://www.maxpreps.com/az/phoenix/brophy-college-prep-broncos/football/
21506,Granite Falls Yellow Medicine East (MN),https://www.maxpreps.com/mn/granite-falls/yellow-medicine-east-sting/football/
21596,Coleraine Greenway (MN),https://www.maxpreps.com/mn/coleraine/greenway-nashwauk-keewatin-raiders/football/
21656,Winsted Gilbert-Northwestern Regional (CT),https://www.maxpreps.com/ct/winsted/gilbert-northwestern-housatonic-yellowjackets/football/
21844,Ashtabula Harbor (OH),https://www.maxpreps.com/oh/ashtabula/edgewood-warriors/football/
21903,Easthampton-Hampshire (MA),https://www.maxpreps.com/ma/easthampton/easthampton-hampshire-eagles/football/
21928,Bushnell Prairie City (IL),https://www.maxpreps.com/il/bushnell/bushnell-prairie-city-spartans/football/
21956,Nelsonville-York (OH),https://www.maxpreps.com/oh/nelsonville/nelsonville-york-buckeyes/football/
22091,Lexington Holmes County Central (MS),https://www.maxpreps.com/ms/lexington/holmes-county-central-jaguars/football/
22129,Blanchardville Pecatonica-Argyle (WI),https://www.maxpreps.com/wi/blanchardville/pecatonica-argyle-vikings/football/
22301,Philadelphia Neumann-Goretti (PA),https://www.maxpreps.com/pa/philadelphia/neumann-goretti-saints/football/
22334,Columbus Scotus Central Catholic (NE),https://www.maxpreps.com/ne/columbus/columbus-discoverers/football/
22709,Woodside Polytech (DE),https://www.maxpreps.com/de/woodside/polytech-panthers/football/
22813,Huntsville Pope John Paul II (AL),https://www.maxpreps.com/al/huntsville/st-john-paul-ii-falcons/football/
22882,Midland Texas Leadership Charter Academy (TX),https://www.maxpreps.com/tx/midland/midland-texas-leadership-charter-academy-eagles/football/
22975,Richlands Liberty Christian Academy (NC),https://www.maxpreps.com/nc/richlands/liberty-christian-academy-heat/football/
23010,Lee-Lenox Memorial (MA),https://www.maxpreps.com/ma/lee/lee-lenox-memorial-wildcats/football/
23042,Sioux City Bishop Heelan Catholic (IA),https://www.maxpreps.com/ia/sioux-city/bishop-heelan-catholic-crusaders/football/
23118,McGuffey Upper Scioto Valley (OH),https://www.maxpreps.com/oh/mcguffey/upper-scioto-valley-rams/football/
23223,Northwood-Kensett (IA),https://www.maxpreps.com/ia/northwood/northwood-kensett-vikings/football/
23232,Kadoka Area (SD),https://www.maxpreps.com/sd/kadoka/kadoka-kougars/football/
23347,Galesburg (IL),https://www.maxpreps.com/il/galesburg/galesburg-silver-streaks/football/
23366,Hardin-Central (MO),https://www.maxpreps.com/mo/hardin/hardin-central-bulldogs/football/
23407,Hartland Lake Country Lutheran (WI),https://www.maxpreps.com/wi/hartland/lake-country-lutheran-lightning/football/
23483,Ilion Central Valley Academy (NY),https://www.maxpreps.com/ny/ilion/central-valley-academy-thunder/football/
23571,Acton-Boxborough (MA),https://www.maxpreps.com/ma/acton/acton-boxborough-colonials/football/
23621,Newport West Canada Valley (NY),https://www.maxpreps.com/ny/newport/west-canada-valley-indians/football/
23720,Henrico J.R. Tucker (VA),https://www.maxpreps.com/va/henrico/jr-tucker-tigers/football/
23832,Manchester Burr & Burton (VT),https://www.maxpreps.com/vt/manchester/burr-and-burton-bulldogs/football/
23891,Foley Snook Christian Academy (AL),https://www.maxpreps.com/al/foley/snook-christian-academy-eagles/football/
23903,Syracuse Christian Academy (KS),https://www.maxpreps.com/ks/syracuse/syracuse-bulldogs/football/
23993,Dallas Life Oak Cliff (TX),https://www.maxpreps.com/tx/dallas/life-oak-cliff-lions/football/
24068,Montpelier U-32 (VT),https://www.maxpreps.com/vt/montpelier/u-32-raiders/football/
24097,Manson-Northwest Webster (IA),https://www.maxpreps.com/ia/manson/northwest-webster-cougars/football/
24262,Gibsonia Pine-Richland (PA),https://www.maxpreps.com/pa/gibsonia/pine-richland-rams/football/
24386,Royersford Spring-Ford (PA),https://www.maxpreps.com/pa/royersford/spring-ford-rams/football/
24432,Oak Bluffs Martha's Vineyard Regional (MA),https://www.maxpreps.com/ma/oak-bluffs/marthas-vineyard-regional-vineyarders/football/
24461,Shrewsbury St. John's (MA),https://www.maxpreps.com/ma/shrewsbury/st-johns-pioneers/football/
24795,Camilla Mitchell County (GA),https://www.maxpreps.com/ga/camilla/mitchell-county-eagles/football/
24917,Lexington Northside Christian Academy (SC),https://www.maxpreps.com/sc/lexington/northside-christian-academy-crusaders/football/
24925,Wilmington St. Mark's (DE),https://www.maxpreps.com/de/wilmington/st-marks-spartans/football/
25078,Vidalia Heritage Academy (GA),https://www.maxpreps.com/ga/vidalia/vidalia-heritage-academy-eagles/football/
25167,Rockford Our Lady of the Sacred Heart Academy (IL),https://www.maxpreps.com/il/rockford/christian-life-keith-country-day-our-lady-of-the-sacred-heart-academy/football/
25296,Kinston Jesse W. Grainger (NC),https://www.maxpreps.com/nc/kinston/kinston-vikings/football/
25300,Harlingen Marine Military Academy (TX),https://www.maxpreps.com/tx/harlingen/marine-military-academy-leathernecks/football/
25313,Covington-Douglas (OK),https://www.maxpreps.com/ok/covington/covington-douglas-wildcats/football/
25379,Lanett Lafayette Lanier (AL),https://www.maxpreps.com/al/lanett/lanett-panthers/football/
25420,Auburn Lee-Scott Academy (AL),https://www.maxpreps.com/al/auburn/lee-scott-academy-warriors/football/
25443,Plymouth Providence Academy-Heritage Christian Academy (MN),https://www.maxpreps.com/mn/plymouth/providence-academy-heritage-christian-academy-maranatha-christian-academy-west-lutheran/football/
25452,Perkins-Tryon (OK),https://www.maxpreps.com/ok/perkins/perkins-tryon-demons/football/
25461,East Sandwich (MA),https://www.maxpreps.com/ma/east-sandwich/sandwich-blue-knights/football/
25577,Albion (NY),https://www.maxpreps.com/ny/albion/albion-purple-eagles/football/
25589,Canton Blue Hills RVT (MA),https://www.maxpreps.com/ma/canton/blue-hills-rvt-warriors/football/
25632,Manassas Northern Virginia HomeSchool (VA),https://www.maxpreps.com/va/manassas/northern-virginia-homeschool-centurions/football/
25716,New Philadelphia Tuscarawas Central Catholic (OH),https://www.maxpreps.com/oh/new-philadelphia/tuscarawas-central-catholic-saints/football/
25811,Warrior Corner (AL),https://www.maxpreps.com/al/warrior/corner-yellow-jackets/football/
26037,Staten Island McKee Vo-Tech (NY),https://www.maxpreps.com/ny/staten-island/mckee-vo-tech-staten-island-tech/football/
26061,Cope Harvest Christian Academy (SC),https://www.maxpreps.com/sc/cope/harvest-christian-academy-hawks/football/
26152,Vinton-Shellsburg (IA),https://www.maxpreps.com/ia/vinton/vinton-shellsburg-vikings/football/
26219,North Carrollton J.Z. George (MS),https://www.maxpreps.com/ms/north-carrollton/jz-george-jaguars/football/
26308,Brooklyn Boys & Girls (NY),https://www.maxpreps.com/ny/brooklyn/boys-and-girls-kangaroos/football/
26335,Davis (CA),https://www.maxpreps.com/ca/davis/davis-sr-blue-devils/football/
26377,Shellman Southwest Georgia STEM Charter (GA),https://www.maxpreps.com/ga/shellman/southwest-georgia-stem-charter-aggies/football/
26447,Charlotte Country Day (NC),https://www.maxpreps.com/nc/charlotte/charlotte-country-day-school-buccaneers/football/
26464,Staten Island Notre Dame Academy (NY),https://www.maxpreps.com/ny/staten-island/notre-dame-academy-gators/football/
26541,Neola Tri-Center (IA),https://www.maxpreps.com/ia/neola/tri-center-trojans/football/
26560,Flanders Mt. Olive (NJ),https://www.maxpreps.com/nj/flanders/mount-olive-marauders/football/
26584,Martinsville The Pingry School (NJ),https://www.maxpreps.com/nj/martinsville/the-pingry-school-big-blue/football/
26596,Stillmore David Emanuel Academy (GA),https://www.maxpreps.com/ga/stillmore/david-emanuel-academy-eagles/football/
26620,Waverly-Shell Rock (IA),https://www.maxpreps.com/ia/waverly/waverly-shell-rock-go-hawks/football/
26670,Bray-Doyle (OK),https://www.maxpreps.com/ok/bray/bray-doyle-donkeys/football/
26707,Clendenin Herbert Hoover (WV),https://www.maxpreps.com/wv/clendenin/hoover-huskies/football/
26742,Greenville D.H. Conley (NC),https://www.maxpreps.com/nc/greenville/dh-conley-vikings/football/
26769,Upton-Sundance (WY),https://www.maxpreps.com/wy/upton/upton-sundance-bobcats/football/
26798,Wilbraham & Monson Academy (MA),https://www.maxpreps.com/ma/wilbraham/wilbraham-and-monson-academy-titans/football/
26874,Savannah Country Day (GA),https://www.maxpreps.com/ga/savannah/savannah-country-day-hornets/football/
26966,Middletown St. Andrew's (DE),https://www.maxpreps.com/de/middletown/st-andrews-cardinals/football/
27111,Lithonia M.L. King (GA),https://www.maxpreps.com/ga/lithonia/ml-king-lions/football/
27328,Lepanto East Poinsett County (AR),https://www.maxpreps.com/ar/lepanto/east-poinsett-county-warriors/football/
27359,New Hope (PA),https://www.maxpreps.com/pa/new-hope/new-hope-solebury-lions/football/
27419,Athens Christian Preparatory Academy (TX),https://www.maxpreps.com/tx/athens/athens-christian-preparatory-academy-storm/football/
27495,El Dorado Springs (MO),https://www.maxpreps.com/mo/el-dorado-springs/el-dorado-springs-bulldogs/football/
27808,Solana Beach Santa Fe Christian (CA),https://www.maxpreps.com/ca/solana-beach/santa-fe-christian-eagles/football/
28021,Mobile McGill-Toolen (AL),https://www.maxpreps.com/al/mobile/mcgill-toolen-yellowjackets/football/
28082,Birmingham Jackson-Olin (AL),https://www.maxpreps.com/al/birmingham/jackson-olin-mustangs/football/
28200,Springfield Cardinal O'Hara (PA),https://www.maxpreps.com/pa/springfield/cardinal-ohara-lions/football/
28369,Needham St. Sebastian's School (MA),https://www.maxpreps.com/ma/needham/st-sebastians-school-arrows/football/
28378,Buckhannon-Upshur (WV),https://www.maxpreps.com/wv/buckhannon/buckhannon-upshur-buccaneers/football/
28379,Concordia St. Paul Lutheran (MO),https://www.maxpreps.com/mo/concordia/st-paul-lutheran-saints/football/
28430,Valencia Trinity Classical Academy (CA),https://www.maxpreps.com/ca/valencia/trinity-classical-academy-knights/football/
28473,Jacksonville Northside (NC),https://www.maxpreps.com/nc/jacksonville/northside-jacksonville-monarchs/football/
28534,Manning Laurence Manning Academy (SC),https://www.maxpreps.com/sc/manning/laurence-manning-academy-swampcats/football/
28714,Pageland JV (SC),https://www.maxpreps.com/sc/pageland/central-eagles/football/
28781,Thomasville Thomas County Central (GA),https://www.maxpreps.com/ga/thomasville/thomas-county-central-yellow-jackets/football/
28797,Winston-Salem (NC),https://www.maxpreps.com/nc/winston-salem/winston-salem-preparatory-academy-phoenix/football/
28919,Pawtucket St. Raphael Academy (RI),https://www.maxpreps.com/ri/pawtucket/st-raphael-academy-saints/football/
28985,Greeley Dayspring Christian Academy (CO),https://www.maxpreps.com/co/greeley/dayspring-christian-academy-eagles/football/
29036,Marlborough Assabet Valley RVT (MA),https://www.maxpreps.com/ma/marlborough/assabet-valley-rvt-aztecs/football/
29067,Danville San Ramon Valley (CA),https://www.maxpreps.com/ca/danville/san-ramon-valley-the-wolves/football/
29155,West Columbia (TX),https://www.maxpreps.com/tx/west-columbia/columbia-roughnecks/football/
29499,Elma Mary M. Knight (WA),https://www.maxpreps.com/wa/elma/mary-m-knight-owls/football/
29510,Springfield Putnam Vo-Tech (MA),https://www.maxpreps.com/ma/springfield/putnam-vo-tech-beavers/football/
29552,Hays St. Joseph's Military Academy (KS),https://www.maxpreps.com/ks/hays/hays-indians/football/
29599,Fall River Diman Regional Vo-Tech (MA),https://www.maxpreps.com/ma/fall-river/diman-rvt-bengals/football/
29633,Kermit (TX),https://www.maxpreps.com/tx/kermit/kermit-yellow-jackets/football/
29762,Fuquay-Varina Willow Spring (NC),https://www.maxpreps.com/nc/fuquay-varina/willow-spring-storm/football/
29851,Irene-Wakonda (SD),https://www.maxpreps.com/sd/irene/irene-wakonda-eagles/football/
29879,Shawnee Maranatha Christian Academy (KS),https://www.maxpreps.com/ks/shawnee/maranatha-christian-academy-eagles/football/
29890,Grand Junction JV (CO),https://www.maxpreps.com/co/grand-junction/grand-junction-tigers/football/
29986,Kremlin-Hillsdale (OK),https://www.maxpreps.com/ok/kremlin/kremlin-hillsdale-broncs/football/
29994,Mattapoisett Old Rochester Regional (MA),https://www.maxpreps.com/ma/mattapoisett/old-rochester-regional-bulldogs/football/
30094,Eustis Hi-Line [Eustis-Farnam-Elwood] (NE),https://www.maxpreps.com/ne/eustis/hi-line-eustis-farnam-elwood-/football/
30362,College Station A&M Consolidated (TX),https://www.maxpreps.com/tx/college-station/aandm-consolidated-tigers/football/
30369,Wolsey-Wessington (SD),https://www.maxpreps.com/sd/wolsey/wolsey-wessington-warbirds/football/
30488,Raymond-South Bend (WA),https://www.maxpreps.com/wa/raymond/raymond-south-bend-ravens/football/
30524,Baldwinsville Baker (NY),https://www.maxpreps.com/ny/baldwinsville/baldwinsville-bees/football/
30711,Rye Country Day (NY),https://www.maxpreps.com/ny/rye/rye-country-day-wildcats/football/
30721,Yarmouth-North Academy (ME),https://www.maxpreps.com/me/yarmouth/yarmouth-north-yarmouth-academy/football/
30782,Coraopolis Our Lady of the Sacred Heart (PA),https://www.maxpreps.com/pa/coraopolis/our-lady-of-the-sacred-heart-chargers/football/
30790,Colbert Northwest Christian School (WA),https://www.maxpreps.com/wa/colbert/northwest-christian-school-crusaders/football/
30796,Morrisville-Eaton (NY),https://www.maxpreps.com/ny/morrisville/morrisville-eaton-warriors/football/
30924,Crowley St. Michael's (LA),https://www.maxpreps.com/la/crowley/notre-dame-pioneers/football/
31025,Leander Founders Classical Academy (TX),https://www.maxpreps.com/tx/leander/founders-classical-academy-archers/football/
31285,Madison Bayley-Ellard (NJ),https://www.maxpreps.com/nj/madison/madison-dodgers/football/
31319,East Hampton (NY),https://www.maxpreps.com/ny/east-hampton/east-hampton-bridgehampton-pierson-bonackers/football/
31506,Mullins Pee Dee Academy (SC),https://www.maxpreps.com/sc/mullins/pee-dee-academy-golden-eagles/football/
31618,Buffalo Western New York Maritime Charter (NY),https://www.maxpreps.com/ny/buffalo/western-new-york-maritime-charter-tapestry-seahawks/football/
31632,Galveston O'Connell (TX),https://www.maxpreps.com/tx/galveston/oconnell-buccaneers/football/
31677,Fischer Canyon Lake (TX),https://www.maxpreps.com/tx/fischer/canyon-lake/football/
31742,Alpharetta King's Ridge Christian (GA),https://www.maxpreps.com/ga/alpharetta/kings-ridge-christian-tigers/football/
31859,Reno Coral Academy of Science (NV),https://www.maxpreps.com/nv/reno/coral-academy-of-science-reno-falcons/football/
31875,Hope Mills Gray's Creek (NC),https://www.maxpreps.com/nc/hope-mills/grays-creek-bears/football/
31876,Wayne Passaic County Tech (NJ),https://www.maxpreps.com/nj/wayne/passaic-county-tech-bulldogs/football/
31877,Atlanta Holy Innocents Episcopal (GA),https://www.maxpreps.com/ga/atlanta/holy-innocents-episcopal-golden-bears/football/
31948,Corpus Christi Coastal Christian HomeSchool (TX),https://www.maxpreps.com/tx/corpus-christi/coastal-christian-homeschool-badgers/football/
32078,Mendon Unity-Seymour (IL),https://www.maxpreps.com/il/mendon/unity-seymour-mustangs/football/
32145,Donalsonville Seminole County Training (GA),https://www.maxpreps.com/ga/donalsonville/seminole-county-indians/football/
32172,Philadelphia Academy at Palumbo (PA),https://www.maxpreps.com/pa/philadelphia/academy-at-palumbo-griffin/football/
32190,Brownsville St. Joseph Academy (TX),https://www.maxpreps.com/tx/brownsville/st-joseph-academy-bloodhounds/football/
32209,Brasher Falls St. Lawrence Central (NY),https://www.maxpreps.com/ny/brasher-falls/st-lawrence-central-larries/football/
32216,Fort Sumner-House (NM),https://www.maxpreps.com/nm/fort-sumner/fort-sumner-house/football/
32347,Waubay-Summit (SD),https://www.maxpreps.com/sd/waubay/waubay-summit-mustangs/football/
32358,Winston-Salem Hanes (NC),https://www.maxpreps.com/nc/winston-salem/atkins-camels/football/
32372,Maplewood Hill-Murray (MN),https://www.maxpreps.com/mn/maplewood/hill-murray-pioneers/football/
32392,Akron-Westfield (IA),https://www.maxpreps.com/ia/akron/akron-westfield-westerners/football/
32598,Turners Falls Franklin County Tech (MA),https://www.maxpreps.com/ma/turners-falls/franklin-county-tech-eagles/football/
32607,Spring Valley Hall-Putnam County (IL),https://www.maxpreps.com/il/spring-valley/hall-putnam-county-red-devils/football/
32637,South Lake Tahoe (CA),https://www.maxpreps.com/ca/south-lake-tahoe/south-tahoe-vikings/football/
32702,Palmyra-Macedon (NY),https://www.maxpreps.com/ny/palmyra/palmyra-macedon-red-raiders/football/
32781,Philadelphia Jules E. Mastbaum Vo-Tech (PA),https://www.maxpreps.com/pa/philadelphia/jules-e-mastbaum-vo-tech-panthers/football/
32882,Brooklyn Frank J. Macchiarola (NY),https://www.maxpreps.com/ny/brooklyn/frank-j-macchiarola-sharks/football/
32887,Zumbrota-Mazeppa (MN),https://www.maxpreps.com/mn/zumbrota/zumbrota-mazeppa-cougars/football/
32925,Carrollton Prince of Peace (TX),https://www.maxpreps.com/tx/carrollton/prince-of-peace-eagles/football/
33068,Roy-Mosquero (NM),https://www.maxpreps.com/nm/roy/roy-mosquero-blue-lady-blue/football/
33076,Twin City Emanuel County Institute (GA),https://www.maxpreps.com/ga/twin-city/emanuel-county-institute-bulldogs/football/
33334,Plymouth (IN),https://www.maxpreps.com/in/plymouth/plymouth-pilgrims-rockies/football/
33356,Ramsey Don Bosco Prep (NJ),https://www.maxpreps.com/nj/ramsey/don-bosco-prep-ironmen/football/
33379,Gayville-Volin (SD),https://www.maxpreps.com/sd/gayville/gayville-volin-raiders/football/
33469,Cardington-Lincoln (OH),https://www.maxpreps.com/oh/cardington/cardington-lincoln-pirates/football/
33545,Rockford Central of Coosa County (AL),https://www.maxpreps.com/al/rockford/central-of-coosa-county-cougars/football/
33917,Bridgewater-Raynham (MA),https://www.maxpreps.com/ma/bridgewater/bridgewater-raynham-trojans/football/
33979,Mount Desert Island (ME),https://www.maxpreps.com/me/mount-desert/mount-desert-island-trojans/football/
34037,Carlsbad (NM),https://www.maxpreps.com/nm/carlsbad/carlsbad-cavemen-cavegirls/football/
34071,Macon Academy for Classical Education (GA),https://www.maxpreps.com/ga/macon/academy-for-classical-education-gryphons/football/
34097,Concord Jay M. Robinson (NC),https://www.maxpreps.com/nc/concord/jay-m-robinson-bulldogs/football/
34103,Tuskegee Booker T. Washington (AL),https://www.maxpreps.com/al/tuskegee/booker-t-washington-golden-eagles/football/
34300,Roopville Holy Ground Baptist Academy (GA),https://www.maxpreps.com/ga/roopville/holy-ground-baptist-academy-stallions/football/
34331,Wittenberg-Birnamwood (WI),https://www.maxpreps.com/wi/wittenberg/wittenberg-birnamwood-chargers/football/
34366,Decatur Victory Christian Academy (TX),https://www.maxpreps.com/tx/decatur/victory-christian-academy-patriots/football/
34435,Frankfort-Schuyler (NY),https://www.maxpreps.com/ny/frankfort/frankfort-schuyler-maroon-knights/football/
34558,Evansville Boys' Catholic (IN),https://www.maxpreps.com/in/evansville/evansville-bosse-bulldogs/football/
34622,Ogdensburg Free Academy (NY),https://www.maxpreps.com/ny/ogdensburg/ogdensburg-free-academy-blue-devils/football/
34645,Cleveland-Immanuel Lutheran (MN),https://www.maxpreps.com/mn/cleveland/cleveland-immanuel-lutheran/football/
34763,New Orleans Livingston Collegiate Academy (LA),https://www.maxpreps.com/la/new-orleans/livingston-collegiate-academy-wolves/football/
34767,Paullina South O'Brien (IA),https://www.maxpreps.com/ia/paullina/south-obrien-wolverines/football/
34963,Cameron C.H. Yoe (TX),https://www.maxpreps.com/tx/cameron/ch-yoe-yoemen/football/
34978,Pana Coop (IL),https://www.maxpreps.com/il/pana/pana-panthers/football/
34999,Philadelphia Martin Luther King (PA),https://www.maxpreps.com/pa/philadelphia/martin-luther-king-cougars/football/
35084,Huntington St. Joseph Central Catholic (WV),https://www.maxpreps.com/wv/huntington/spring-valley-timberwolves/football/
35138,Dove Creek (CO),https://www.maxpreps.com/co/dove-creek/dove-creek-bulldogs/football/
35204,Shawnee North Rock Creek (OK),https://www.maxpreps.com/ok/shawnee/north-rock-creek-cougars/football/
35294,Rumson-Fair Haven (NJ),https://www.maxpreps.com/nj/rumson/rumson-fair-haven-bulldogs/football/
35325,Martensdale-Saint Mary's (IA),https://www.maxpreps.com/ia/martensdale/martensdale-st-marys-blue-devils/football/
35352,Lynn Vo-Tech (MA),https://www.maxpreps.com/ma/lynn/lynn-vo-tech-tigers/football/
35360,Quincy Notre Dame (IL),https://www.maxpreps.com/il/quincy/quincy-notre-dame-raiders/football/
35406,Houston KIPP Generations Collegiate (TX),https://www.maxpreps.com/tx/houston/kipp-generations-collegiate-jaguars/football/
35423,Madison-Hamilton (KS),https://www.maxpreps.com/ks/madison/madison-hamilton-bulldogs/football/
35455,Cattaraugus-Little Valley (NY),https://www.maxpreps.com/ny/cattaraugus/cattaraugus-little-valley-timberwolves/football/
35497,Garrettsville Garfield (OH),https://www.maxpreps.com/oh/garrettsville/garfield-g-men/football/
35526,Concord-Carlisle (MA),https://www.maxpreps.com/ma/concord/concord-carlisle-patriots/football/
35595,Houston St. Pius X (TX),https://www.maxpreps.com/tx/houston/st-pius-x-panthers/football/
35653,Newtown Square Delaware County Christian (PA),https://www.maxpreps.com/pa/newtown-square/delaware-county-christian-knights/football/
35681,Marietta Sprayberry (GA),https://www.maxpreps.com/ga/marietta/sprayberry-yellow-jackets/football/
35712,Coquille-Pacific (OR),https://www.maxpreps.com/or/coquille/coquille-pacific/football/
35723,Bethel-Tate (OH),https://www.maxpreps.com/oh/bethel/bethel-tate-tigers/football/
35741,Jordan-Elbridge (NY),https://www.maxpreps.com/ny/jordan/jordan-elbridge-eagles/football/
35748,Billerica Shawsheen Valley Tech (MA),https://www.maxpreps.com/ma/billerica/shawsheen-valley-tech-rams/football/
35757,Florence King's Academy (SC),https://www.maxpreps.com/sc/florence/kings-academy-lions/football/
35942,Broadus Powder River County (MT),https://www.maxpreps.com/mt/broadus/powder-river-county-hawks/football/
35981,Frederick Governor Thomas Johnson (MD),https://www.maxpreps.com/md/frederick/governor-thomas-johnson-patriots/football/
35991,Little River Academy (TX),https://www.maxpreps.com/tx/little-river-academy/little-river-academy-bumblebees/football/
36032,Camp Hill Southern Prep Academy (AL),https://www.maxpreps.com/al/camp-hill/southern-prep-academy-fighting-rangers/football/
36048,Fairfield Notre Dame Catholic (CT),https://www.maxpreps.com/ct/fairfield/notre-dame-prep-lancers/football/
36109,San Marcos Hill Country Christian (TX),https://www.maxpreps.com/tx/san-marcos/hill-country-christian-rams/football/
36292,Arlington Newman International Academy (TX),https://www.maxpreps.com/tx/arlington/newman-international-academy-warriors/football/
36333,Dudley Shepherd Hill Regional (MA),https://www.maxpreps.com/ma/dudley/shepherd-hill-regional-rams/football/
36456,Hamilton East-Steinert (NJ),https://www.maxpreps.com/nj/hamilton/hamilton-hornets/football/
36484,Kings Mills Kings (OH),https://www.maxpreps.com/oh/kings-mill/kings-knights/football/
36631,Corpus Christi Incarnate Word Academy (TX),https://www.maxpreps.com/tx/corpus-christi/incarnate-word-academy-angels/football/
36714,Lone Jack-Kingsville (MO),https://www.maxpreps.com/mo/lone-jack/lone-jack-kingsville/football/
36884,Lewisburg Greenbrier Military Academy (WV),https://www.maxpreps.com/wv/lewisburg/greenbrier-east-spartans/football/
36907,West Palm Beach Palm Beach Lakes (FL),https://www.maxpreps.com/fl/west-palm-beach/palm-beach-lakes-rams/football/
37065,Upper Nyack (NY),https://www.maxpreps.com/ny/upper-nyack/nyack-red-hawks/football/
37175,Fawn Grove Kennard-Dale (PA),https://www.maxpreps.com/pa/fawn-grove/kennard-dale-rams/football/
37280,Duncanville (TX),https://www.maxpreps.com/tx/duncanville/duncanville-panthers-and-pantherettes/football/
37349,Woonsocket (SD),https://www.maxpreps.com/sd/woonsocket/woonsocket-wessington-springs-sanborn-central-blackhawks/football/
37384,La Joya Juarez-Lincoln (TX),https://www.maxpreps.com/tx/la-joya/juarez-lincoln-huskies/football/
37418,Albertville Marshall Christian Academy (AL),https://www.maxpreps.com/al/albertville/marshall-christian-academy-stallions/football/
37684,Jourdanton (TX),https://www.maxpreps.com/tx/jourdanton/jourdanton-indians-squaws/football/
37852,Brewton T.R. Miller (AL),https://www.maxpreps.com/al/brewton/tr-miller-tigers/football/
37881,Moncks Corner St. John's Christian Academy (SC),https://www.maxpreps.com/sc/moncks-corner/st-johns-christian-academy-cavaliers/football/
37957,Macon Mount de Sales Academy (GA),https://www.maxpreps.com/ga/macon/mount-de-sales-academy-cavaliers/football/
38069,Monticello Aucilla Christian Academy (FL),https://www.maxpreps.com/fl/monticello/aucilla-christian-warriors/football/
38169,Oklahoma City Mount St. Mary (OK),https://www.maxpreps.com/ok/oklahoma-city/mount-st-mary-rockets/football/
38178,Winchester Jefferson County North (KS),https://www.maxpreps.com/ks/winchester/jefferson-county-north-chargers/football/
38216,Brookline Dexter Southfield (MA),https://www.maxpreps.com/ma/brookline/dexter-southfield/football/
38237,Athens Prince Avenue Christian (GA),https://www.maxpreps.com/ga/athens/prince-avenue-christian-wolverines/football/
38252,Madison-Carrabec (ME),https://www.maxpreps.com/me/madison/madison-carrabec-valley/football/
38362,Austin St. Stephen's Episcopal (TX),https://www.maxpreps.com/tx/austin/st-stephens-episcopal-spartans/football/
38430,Austin LBJ (TX),https://www.maxpreps.com/tx/austin/lbj-austin-jaguars/football/
38479,Higdon North Sand Mountain (AL),https://www.maxpreps.com/al/higdon/north-sand-mountain-bison/football/
38551,Lancaster J.P. McCaskey (PA),https://www.maxpreps.com/pa/lancaster/jp-mccaskey-red-tornado/football/
38567,Huntersville Christ the King (NC),https://www.maxpreps.com/nc/huntersville/christ-the-king-crusaders/football/
38573,Lake View East Sac County (IA),https://www.maxpreps.com/ia/lake-view/east-sac-county-raiders/football/
38679,Wellman Mid-Prairie (IA),https://www.maxpreps.com/ia/wellman/mid-prairie-golden-hawks/football/
38813,North Chelmsford (MA),https://www.maxpreps.com/ma/north-chelmsford/chelmsford-lions/football/
38905,Allegany-Limestone (NY),https://www.maxpreps.com/ny/allegany/allegany-limestone-gators/football/
38916,Taunton Bristol-Plymouth RVT (MA),https://www.maxpreps.com/ma/taunton/bristol-plymouth-rvt-craftsmen/football/
38934,Pittsburg St. Mary's-Colgan (KS),https://www.maxpreps.com/ks/pittsburg/st-marys-colgan-panthers/football/
39176,Canisteo-Greenwood (NY),https://www.maxpreps.com/ny/canisteo/canisteo-greenwood-chargers/football/
39271,Norwich (NY),https://www.maxpreps.com/ny/norwich/norwich-purple-tornado/football/
39297,Lisbon Beaver Local (OH),https://www.maxpreps.com/oh/lisbon/beaver-beavers/football/
39302,Port Arthur St. James (TX),https://www.maxpreps.com/tx/port-arthur/port-arthur-memorial-titans/football/
39326,Mobile St. Paul's Episcopal (AL),https://www.maxpreps.com/al/mobile/st-pauls-episcopal-saints/football/
39359,Florence-Carlton (MT),https://www.maxpreps.com/mt/florence/florence-carlton-falcons/football/
39415,Mount Vernon-Plankinton (SD),https://www.maxpreps.com/sd/mt-vernon/mt-vernon-plankinton-titans/football/
39418,Harpursville-Afton (NY),https://www.maxpreps.com/ny/harpursville/harpursville-afton-hornets/football/
39481,Tuscaloosa North River Christian (AL),https://www.maxpreps.com/al/tuscaloosa/north-river-christian-chargers/football/
39526,Rochester East-World of Inquiry (NY),https://www.maxpreps.com/ny/rochester/east-world-of-inquiry/football/
39541,Blountville Tri-Cities Christian (TN),https://www.maxpreps.com/tn/blountville/tri-cities-christian-eagles/football/
39700,Nanty Glo United Valley co-op [Blacklick Valley-United] (PA),https://www.maxpreps.com/pa/nanty-glo/united-valley-co-op-blacklick-valley-united-/football/
39706,Pasadena First Baptist Christian (TX),https://www.maxpreps.com/tx/pasadena/first-baptist-christian-warriors/football/
39928,Mountain View Awalt (CA),https://www.maxpreps.com/ca/mountain-view/saint-francis-lancers/football/
39937,Herreid-Selby (SD),https://www.maxpreps.com/sd/herreid/herreid-selby-wolverines/football/
40036,Wailuku St. Anthony (HI),https://www.maxpreps.com/hi/wailuku/baldwin-bears/football/
40051,Chula Vista Victory Christian Academy (CA),https://www.maxpreps.com/ca/chula-vista/victory-christian-academy-knights/football/
40081,Winterhaven San Pasqual Valley (CA),https://www.maxpreps.com/ca/winterhaven/san-pasqual-valley-warriors/football/
40175,Bolivar-Richburg (NY),https://www.maxpreps.com/ny/bolivar/bolivar-richburg-wolverines/football/
40349,Houston Cristo Rey Jesuit (TX),https://www.maxpreps.com/tx/houston/cristo-rey-jesuit-lions/football/
40631,South Pittsburg McReynolds (TN),https://www.maxpreps.com/tn/south-pittsburg/south-pittsburg-pirates/football/
40844,Wingate Bald Eagle Area (PA),https://www.maxpreps.com/pa/wingate/bald-eagle-area-eagles/football/
40887,McDonough Eagle's Landing Christian Academy (GA),https://www.maxpreps.com/ga/mcdonough/eagles-landing-christian-academy-chargers/football/
40913,Dedham Noble & Greenough (MA),https://www.maxpreps.com/ma/dedham/noble-and-greenough-bulldogs/football/
40983,La Crescenta Valley (CA),https://www.maxpreps.com/ca/la-crescenta/crescenta-valley-falcons/football/
41037,Sedro-Woolley (WA),https://www.maxpreps.com/wa/sedro-woolley/sedro-woolley-cubs/football/
41206,Greenville John Paul II Catholic (NC),https://www.maxpreps.com/nc/greenville/john-paul-ii-catholic-saints/football/
41226,Southborough St. Mark's (MA),https://www.maxpreps.com/ma/southborough/st-marks-lions/football/
41389,Walsenburg St. Mary's (CO),https://www.maxpreps.com/co/walsenburg/walsenburg-panthers/football/
41431,Hartington-Newcastle (NE),https://www.maxpreps.com/ne/hartington/hartington-newcastle-wildcats/football/
41632,Montgomery Evangel Family Christian Academy (AL),https://www.maxpreps.com/al/montgomery/evangel-christian-academy-lions/football/
41690,Fonda-Fultonville (NY),https://www.maxpreps.com/ny/fonda/fonda-fultonville-braves/football/
41748,Blackstone-Millville (MA),https://www.maxpreps.com/ma/blackstone/blackstone-millville-chargers/football/
41877,Penfield Finney-Northstar Christian Academy (NY),https://www.maxpreps.com/ny/penfield/finney-northstar-christian-academy-falcons/football/
42009,Gallatin-Tri-County (MO),https://www.maxpreps.com/mo/gallatin/gallatin-tri-county/football/
42060,El Paso Jefferson (TX),https://www.maxpreps.com/tx/el-paso/jefferson-silver-foxes/football/
42094,Massillon Reserves (OH),https://www.maxpreps.com/oh/massillon/jackson-polar-bears/football/
42153,Annville-Cleona (PA),https://www.maxpreps.com/pa/annville/annville-cleona-dutchmen/football/
42196,Connellsville Geibel Catholic (PA),https://www.maxpreps.com/pa/connellsville/connellsville-falcons/football/
42265,Ironton St. Joseph's (OH),https://www.maxpreps.com/oh/ironton/ironton-fighting-tigers/football/
42342,Winston-Salem Oak Grove (NC),https://www.maxpreps.com/nc/winston-salem/oak-grove-grizzlies/football/
42357,Wakefield Northeast Metro RVT (MA),https://www.maxpreps.com/ma/wakefield/northeast-metro-rvt-knights/football/
42513,Edmond Santa Fe (OK),https://www.maxpreps.com/ok/edmond/edmond-santa-fe-wolves/football/
42519,Duke Center Otto-Eldred (PA),https://www.maxpreps.com/pa/duke-center/otto-eldred-oswayo-valley/football/
42541,Benton City Kiona-Benton (WA),https://www.maxpreps.com/wa/benton-city/kiona-benton-bears/football/
42569,Grahamsville Tri-Valley (NY),https://www.maxpreps.com/ny/grahamsville/tri-valley-bears/football/
42786,South Dartmouth (MA),https://www.maxpreps.com/ma/south-dartmouth/dartmouth-indians/football/
42855,Danbury ATI [Abbott RVT-Immaculate] (CT),https://www.maxpreps.com/ct/danbury/ati-abbott-rvt-immaculate-/football/
42891,Marion (VA),https://www.maxpreps.com/va/marion/marion-scarlet-hurricanes/football/
42939,Augusta Academy of Richmond County (GA),https://www.maxpreps.com/ga/augusta/academy-of-richmond-county-musketeers/football/
43196,Apple Valley-Eastview (MN),https://www.maxpreps.com/mn/apple-valley/apple-valley-eagles/football/
43243,McCall-Donnelly (ID),https://www.maxpreps.com/id/mccall/mccall-donnelly-vandals/football/
43338,Dallas South Oak Cliff (TX),https://www.maxpreps.com/tx/dallas/south-oak-cliff-bears/football/
43485,Sanborn Niagara-Wheatfield (NY),https://www.maxpreps.com/ny/sanborn/niagara-wheatfield-falcons/football/
43746,Murrells Inlet St. James (SC),https://www.maxpreps.com/sc/murrells-inlet/st-james-sharks/football/
43759,Marysville-Pilchuck (WA),https://www.maxpreps.com/wa/marysville/marysville-pilchuck-tomahawks/football/
43943,Buffalo Bennett (NY),https://www.maxpreps.com/ny/buffalo/bishop-timon-st-jude-tigers/football/
44113,Norcross Greater Atlanta Christian (GA),https://www.maxpreps.com/ga/norcross/greater-atlanta-christian-spartans/football/
44192,Maricopa Sequoia Pathway Academy (AZ),https://www.maxpreps.com/az/maricopa/sequoia-pathway-academy-pumas/football/
44509,Somerset Berkley Regional (MA),https://www.maxpreps.com/ma/somerset/somerset-berkley-regional-raiders/football/
44524,Cambridge Tri-Valley (ID),https://www.maxpreps.com/id/cambridge/tri-valley-titans/football/
44660,Eddyville-Blakesburg (IA),https://www.maxpreps.com/ia/eddyville/eddyville-blakesburg-fremont-rockets/football/
44683,Toxey South Choctaw Academy (AL),https://www.maxpreps.com/al/toxey/south-choctaw-academy-rebels/football/
44750,Windsor Locks (CT),https://www.maxpreps.com/ct/windsor-locks/windsor-locks-suffield-east-granby-raiders/football/
44782,Greenwood Bailey Military Institute (SC),https://www.maxpreps.com/sc/greenwood/greenwood-eagles/football/
44795,Severn Annapolis Area Christian (MD),https://www.maxpreps.com/md/severn/annapolis-area-christian-eagles/football/
44894,Bourne Upper Cape Cod RVT (MA),https://www.maxpreps.com/ma/bourne/upper-cape-cod-rvt-rams/football/
44932,Charlton Bay Path RVT (MA),https://www.maxpreps.com/ma/charlton/bay-path-rvt-minutemen/football/
45070,Long Island City (NY),https://www.maxpreps.com/ny/long-island-city/long-island-city-bulldogs/football/
45093,Franklin Tri-County RVT (MA),https://www.maxpreps.com/ma/franklin/tri-county-rvt-cougars/football/
45206,Hollis-Brookline (NH),https://www.maxpreps.com/nh/hollis/hollis-brookline-cavaliers/football/
45237,Atlanta St. Pius X Catholic (GA),https://www.maxpreps.com/ga/atlanta/st-pius-x-catholic-golden-lions/football/
45495,Keyport-Hudson Regional (NJ),https://www.maxpreps.com/nj/keyport/keyport-hudson-regional-raiders/football/
45594,Tulsa Will Rogers College (OK),https://www.maxpreps.com/ok/tulsa/will-rogers-college-ropers/football/
45765,Fayetteville E.E. Smith (NC),https://www.maxpreps.com/nc/fayetteville/ee-smith-golden-bulls/football/
45866,Jefferson-Scranton (IA),https://www.maxpreps.com/ia/jefferson/jefferson-scranton-rams/football/
45954,New Orleans Samuel J. Peters (LA),https://www.maxpreps.com/la/new-orleans/reed-olympians/football/
46033,Watkins Glen (NY),https://www.maxpreps.com/ny/watkins-glen/watkins-glen-odessa-montour-storm/football/
46036,Whitman-Hanson Regional (MA),https://www.maxpreps.com/ma/whitman/whitman-hanson-regional-panthers/football/
46097,Centreville Queen Anne's County (MD),https://www.maxpreps.com/md/centreville/queen-annes-county-lions/football/
46112,Mays Landing Atlantic County Vo-Tech (NJ),https://www.maxpreps.com/nj/mays-landing/atlantic-county-institute-of-tech/football/
46114,Sherburne-Earlville (NY),https://www.maxpreps.com/ny/sherburne/sherburne-earlville-marauders/football/
46126,Galesville Gale-Ettrick (WI),https://www.maxpreps.com/wi/galesville/gale-ettrick-trempealeau-red-hawks/football/
46138,Kansas City St. Pius X (MO),https://www.maxpreps.com/mo/kansas-city/st-pius-x-warriors/football/
46160,Denison (TX),https://www.maxpreps.com/tx/denison/denison-yellow-jackets/football/
46451,San Juan Capistrano Capistrano Valley Christian (CA),https://www.maxpreps.com/ca/san-juan-capistrano/capistrano-valley-christian-eagles/football/
46500,Dover-Sherborn (MA),https://www.maxpreps.com/ma/dover/dover-sherborn-raiders/football/
46506,Tucson Rincon-University (AZ),https://www.maxpreps.com/az/tucson/rincon-university-rangers/football/
46509,Wauzeka-Steuben (WI),https://www.maxpreps.com/wi/wauzeka/wauzeka-steuben-seneca/football/
46690,Davenport Senior (IA),https://www.maxpreps.com/ia/davenport/davenport-north-wildcats/football/
46815,Wolcott Tri-County (IN),https://www.maxpreps.com/in/wolcott/tri-county-cavaliers/football/
46880,Waynesfield-Goshen (OH),https://www.maxpreps.com/oh/waynesfield/waynesfield-goshen-tigers/football/
46898,Smithfield-Selma (NC),https://www.maxpreps.com/nc/smithfield/smithfield-selma-spartans/football/
46924,Greensboro Lake Oconee Academy (GA),https://www.maxpreps.com/ga/greensboro/lake-oconee-academy-titans/football/
46955,Crockett (TX),https://www.maxpreps.com/tx/crockett/crockett-bulldogs/football/
46959,Houston Math Science & Tech (TX),https://www.maxpreps.com/tx/houston/houston-math-science-and-tech-tigers/football/
47060,Stanley-Boyd (WI),https://www.maxpreps.com/wi/stanley/stanley-boyd-orioles/football/
47163,Los Angeles West Adams Prep (CA),https://www.maxpreps.com/ca/los-angeles/west-adams-panthers/football/
47192,Fort Worth W.C. Stripling (TX),https://www.maxpreps.com/tx/fort-worth/mercy-culture-prep-royals/football/
47398,Atherton Sacred Heart Prep (CA),https://www.maxpreps.com/ca/atherton/sacred-heart-prep-gators/football/
47400,Spencer Star-Spencer (OK),https://www.maxpreps.com/ok/spencer/star-spencer-bobcats/football/
47477,Williamsburg Matthew Whaley (VA),https://www.maxpreps.com/va/williamsburg/warhill-lions/football/
47620,Fitchburg St. Bernard's Central Catholic (MA),https://www.maxpreps.com/ma/fitchburg/st-bernards-central-catholic-bernardians/football/
47639,Colton Christian Center Academy (CA),https://www.maxpreps.com/ca/colton/colton-yellowjackets/football/
47691,Havre de Grace (MD),https://www.maxpreps.com/md/havre-de-grace/havre-de-grace-warriors/football/
47695,Gray-New Gloucester (ME),https://www.maxpreps.com/me/gray/gray-new-gloucester-patriots/football/
47732,San Marcos St. Joseph Academy (CA),https://www.maxpreps.com/ca/san-marcos/st-joseph-academy-crusaders/football/
47808,Hinesburg Champlain Valley Union (VT),https://www.maxpreps.com/vt/hinesburg/champlain-valley-union-redhawks/football/
47819,Saint Ansgar (IA),https://www.maxpreps.com/ia/st-ansgar/st-ansgar-saints/football/
47873,Fort Worth Carter-Riverside (TX),https://www.maxpreps.com/tx/fort-worth/carter-riverside-eagles/football/
47891,Roslyn Heights Roslyn-Friends Academy (NY),https://www.maxpreps.com/ny/roslyn-heights/roslyn-friends-academy/football/
48117,Staten Island St. Peter's (NY),https://www.maxpreps.com/ny/staten-island/st-peters-eagles/football/
48143,Neillsville-Granton (WI),https://www.maxpreps.com/wi/neillsville/neillsville-granton-warriors/football/
48262,Dresden Tri-Valley (OH),https://www.maxpreps.com/oh/dresden/tri-valley-scotties/football/
48282,Houston St. Thomas Catholic (TX),https://www.maxpreps.com/tx/houston/st-thomas-catholic-eagles/football/
48344,Durham Riverside (NC),https://www.maxpreps.com/nc/durham/riverside-durham-pirates/football/
48452,Columbus Victory Christian Academy (MS),https://www.maxpreps.com/ms/columbus/victory-christian-eagles/football/
48456,Edcouch-Elsa (TX),https://www.maxpreps.com/tx/edcouch/edcouch-elsa-yellowjackets/football/
48492,Coral Gables St. Theresa Catholic (FL),https://www.maxpreps.com/fl/coral-gables/coral-gables-cavaliers/football/
48664,Perrin-Whitt (TX),https://www.maxpreps.com/tx/perrin/perrin-whitt-pirates/football/
48671,Waterbury Career Academy (CT),https://www.maxpreps.com/ct/waterbury/waterbury-career-academy-spartans/football/
48732,Scotia-Glenville (NY),https://www.maxpreps.com/ny/scotia/scotia-glenville-tartans/football/
51091,Honeoye falls (NY),https://www.maxpreps.com/ny/honeoye-falls/honeoye-falls-lima-cougars/football/
55211,New london (MN),https://www.maxpreps.com/mn/new-london/new-london-spicer-wildcats/football/
58782,Aiken St. Angela (SC),https://www.maxpreps.com/sc/aiken/silver-bluff-bulldogs/football/
59482,Beatrice J.F. Shields (AL),https://www.maxpreps.com/al/beatrice/shields-panthers/football/
59565,Bellflower St. John Bosco (CA),https://www.maxpreps.com/ca/bellflower/bellflower-buccaneers/football/
60092,Burns Flat Community (OK),https://www.maxpreps.com/ok/burns-flat/burns-flat-dill-city-eagles/football/
60306,Casper Natrona County JV (WY),https://www.maxpreps.com/wy/casper/natrona-county-mustangs/football/
61148,Covington St. Paul's (LA),https://www.maxpreps.com/la/covington/northshore-vultures-vultures/football/
61848,Enfield CREC (CT),https://www.maxpreps.com/ct/enfield/enfield-eagles/football/
62928,Hastings St. Cecilia (NE),https://www.maxpreps.com/ne/hastings/st-cecilia-bluehawks/football/
63534,Jersey City St. Peter's Prep (NJ),https://www.maxpreps.com/nj/jersey-city/st-peters-prep-marauders/football/
63705,Kenosha St. Joseph (WI),https://www.maxpreps.com/wi/kenosha/st-joseph-lancers/football/
64464,Long Beach St. Anthony (CA),https://www.maxpreps.com/ca/long-beach/st-anthony-saints/football/
64702,Madison St. Joseph Catholic (MS),https://www.maxpreps.com/ms/madison/germantown-mavericks/football/
65246,Milledgeville Georgia Military Academy (GA),https://www.maxpreps.com/ga/milledgeville/baldwin-braves/football/
65582,Mount Pleasant Ramsay (PA),https://www.maxpreps.com/pa/mt-pleasant/mt-pleasant-vikings/football/
66039,North Fort Myers (FL),https://www.maxpreps.com/fl/north-fort-myers/north-fort-myers-red-knights/football/
66787,Pierre T.F. Riggs (SD),https://www.maxpreps.com/sd/pierre/riggs-governors/football/
67273,Richland St.Augustine Prep (NJ),https://www.maxpreps.com/nj/richland/st-augustine-prep-hermits/football/
67312,Ridgeland St. Andrews Episcopal (MS),https://www.maxpreps.com/ms/ridgeland/st-andrews-episcopal-saints/football/
67407,Rockford Jefferson (IL),https://www.maxpreps.com/il/rockford/jefferson-j-hawks/football/
67642,Saint John-Endicott (WA),https://www.maxpreps.com/wa/st-john/st-john-endicott-lacrosse/football/
68507,Stockton St.Mary's (CA),https://www.maxpreps.com/ca/stockton/mcnair-eagles/football/
69260,Ventura St.Bonaventure (CA),https://www.maxpreps.com/ca/ventura/st-bonaventure-seraphs/football/
69498,Washington St. Francis Borgia (MO),https://www.maxpreps.com/mo/washington/st-francis-borgia-knights/football/
69698,Westminster The Academy of Charter Schools (CO),https://www.maxpreps.com/co/westminster/the-academy-wildcats/football/
70011,Wyandotte St. Patrick (MI),https://www.maxpreps.com/mi/wyandotte/roosevelt-bears/football/
70105,Pensacola B (FL),https://www.maxpreps.com/fl/pensacola/booker-t-washington-wildcats/football/
70109,Laredo St. Joseph JV (TX),https://www.maxpreps.com/tx/laredo/nixon-mustangs/football/
70278,North Royalton Ernest E. Root (OH),https://www.maxpreps.com/oh/north-royalton/north-royalton-bears/football/
70988,Baton Rouge Louisiana State University High (LA),https://www.maxpreps.com/la/baton-rouge/liberty-magnet-patriots/football/
71170,Mexico McMillan (MO),https://www.maxpreps.com/mo/mexico/mexico-bulldogs/football/
71525,Milledgeville Georgia Military College B (GA),https://www.maxpreps.com/ga/milledgeville/georgia-military-college-bulldogs/football/
71828,Cahokia St. Catherine LaBoure (IL),https://www.maxpreps.com/il/cahokia/cahokia-comanches/football/
