ScoresID,CurrentDate,CurrentWeekday,Home,Visitor,Home_Score,Visitor_Score,ProposedDate,ProposedWeekday,Confidence,CandidateDates
0DE4F46F-4CA8-4739-9FCA-3CA01AD191AE,2019-10-01,Tuesday,Franklinton Pine (LA),Greensburg St. Helena College (LA),27,19,,,Ambiguous-NeedsLiveCheck,"2019-10-10 (Thu), 2019-10-11 (Fri), 2019-10-12 (Sat), 2019-10-17 (Thu), 2019-10-18 (Fri), 2019-10-19 (Sat)"
B2E529AE-82D0-448C-AFB5-3D18661C384F,2019-10-01,Tuesday,New Orleans Newman (LA),Reserve Riverside Academy (LA),48,21,,,Ambiguous-NeedsLiveCheck,"2019-10-10 (Thu), 2019-10-11 (Fri), 2019-10-12 (Sat), 2019-10-17 (Thu), 2019-10-18 (Fri), 2019-10-19 (Sat)"
44B30779-2A2D-4932-8BDC-3F97426D9920,2019-10-01,Tuesday,Basile (LA),DeRidder East Beauregard (LA),20,14,,,Ambiguous-NeedsLiveCheck,"2019-10-10 (Thu), 2019-10-11 (Fri), 2019-10-12 (Sat), 2019-10-17 (Thu), 2019-10-18 (Fri), 2019-10-19 (Sat)"
30EF711B-5DAF-4CB4-A7BD-3FE05C5F7346,2019-10-01,Tuesday,Mamou (LA),Pine Prairie (LA),35,7,,,Ambiguous-NeedsLiveCheck,"2019-10-10 (Thu), 2019-10-11 (Fri), 2019-10-12 (Sat), 2019-10-17 (Thu), 2019-10-18 (Fri), 2019-10-19 (Sat)"
CA1EF916-E55C-40C3-84A2-4080F1F20B30,2019-10-01,Tuesday,Mansfield (LA),Jonesboro-Hodge (LA),14,8,,,Ambiguous-NeedsLiveCheck,"2019-10-10 (Thu), 2019-10-11 (Fri), 2019-10-12 (Sat), 2019-10-17 (Thu), 2019-10-18 (Fri), 2019-10-19 (Sat)"
DED896A2-D6AE-4DA4-9E93-40BBF513FA42,2019-10-01,Tuesday,New Orleans Sci Academy (LA),New Orleans McDonogh 35 (LA),0,53,,,Ambiguous-NeedsLiveCheck,"2019-10-10 (Thu), 2019-10-11 (Fri), 2019-10-12 (Sat), 2019-10-17 (Thu), 2019-10-18 (Fri), 2019-10-19 (Sat)"
E1533DEB-48F8-4BF3-80FB-40EF331DC97B,2019-10-01,Tuesday,Eunice (LA),Lake Charles Washington-Marion (LA),49,28,,,Ambiguous-NeedsLiveCheck,"2019-10-10 (Thu), 2019-10-11 (Fri), 2019-10-12 (Sat), 2019-10-17 (Thu), 2019-10-18 (Fri), 2019-10-19 (Sat)"
45190FF1-3A59-4105-A52E-40FF84743EEA,2019-10-01,Tuesday,New Orleans Home School Saints (LA),Lafayette Louisiana Kings (LA),6,50,,,Ambiguous-NeedsLiveCheck,"2019-10-10 (Thu), 2019-10-11 (Fri), 2019-10-12 (Sat), 2019-10-17 (Thu), 2019-10-18 (Fri), 2019-10-19 (Sat)"
775216B0-FC4B-48EB-8CAE-4168372802AF,2019-10-01,Tuesday,Patterson (LA),Thibodaux E.D. White (LA),7,64,,,Ambiguous-NeedsLiveCheck,"2019-10-10 (Thu), 2019-10-11 (Fri), 2019-10-12 (Sat), 2019-10-17 (Thu), 2019-10-18 (Fri), 2019-10-19 (Sat)"
08006621-BC2C-4117-B1B6-785DA4A8837B,2019-10-01,Tuesday,Mangham (LA),Rayville (LA),47,8,,,Ambiguous-NeedsLiveCheck,"2019-10-10 (Thu), 2019-10-11 (Fri), 2019-10-12 (Sat), 2019-10-17 (Thu), 2019-10-18 (Fri), 2019-10-19 (Sat)"
4A91573E-B185-415A-9FC3-440F0A2DAE45,2019-10-01,Tuesday,Slidell Salmen (LA),Edgard West Saint John (LA),31,20,,,Ambiguous-NeedsLiveCheck,"2019-10-10 (Thu), 2019-10-11 (Fri), 2019-10-12 (Sat), 2019-10-17 (Thu), 2019-10-18 (Fri), 2019-10-19 (Sat)"
148D04AC-692C-4220-A5AD-44A3117B5602,2019-10-01,Tuesday,Lake Providence Briarfield Academy (LA),Arcola Deer Creek (MS),44,12,,,Ambiguous-NeedsLiveCheck,"2019-10-10 (Thu), 2019-10-11 (Fri), 2019-10-12 (Sat), 2019-10-17 (Thu), 2019-10-18 (Fri), 2019-10-19 (Sat)"
476C9037-DDA8-4854-8D79-774D9F7EAC8F,2019-10-01,Tuesday,Franklinton (LA),Belle Chasse (LA),23,17,,,Ambiguous-NeedsLiveCheck,"2019-10-10 (Thu), 2019-10-11 (Fri), 2019-10-12 (Sat), 2019-10-17 (Thu), 2019-10-18 (Fri), 2019-10-19 (Sat)"
483A893B-ABF7-41CF-9EB9-7732996DA887,2019-10-01,Tuesday,Baton Rouge Dunham (LA),Pride Northeast (LA),47,8,,,Ambiguous-NeedsLiveCheck,"2019-10-10 (Thu), 2019-10-11 (Fri), 2019-10-12 (Sat), 2019-10-17 (Thu), 2019-10-18 (Fri), 2019-10-19 (Sat)"
515CCAED-682A-413F-A452-7701C122072D,2019-10-01,Tuesday,Shreveport Byrd (LA),Benton (LA),46,31,,,Ambiguous-NeedsLiveCheck,"2019-10-10 (Thu), 2019-10-11 (Fri), 2019-10-12 (Sat), 2019-10-17 (Thu), 2019-10-18 (Fri), 2019-10-19 (Sat)"
86412802-B84B-409F-9370-46EA792B72FF,2019-10-01,Tuesday,New Orleans Karr (LA),New Orleans Eleanor McMain (LA),44,0,,,Ambiguous-NeedsLiveCheck,"2019-10-10 (Thu), 2019-10-11 (Fri), 2019-10-12 (Sat), 2019-10-17 (Thu), 2019-10-18 (Fri), 2019-10-19 (Sat)"
45535A80-0FC6-48F8-AD89-47211EB733C6,2019-10-01,Tuesday,Opelousas Northwest (LA),Church Point (LA),28,37,,,Ambiguous-NeedsLiveCheck,"2019-10-10 (Thu), 2019-10-11 (Fri), 2019-10-12 (Sat), 2019-10-17 (Thu), 2019-10-18 (Fri), 2019-10-19 (Sat)"
DB505E18-EF9E-400B-9DCC-47BE6B6F9DA5,2019-10-01,Tuesday,Brusly (LA),Baton Rouge University Lab (LA),6,9,,,Ambiguous-NeedsLiveCheck,"2019-10-10 (Thu), 2019-10-11 (Fri), 2019-10-12 (Sat), 2019-10-17 (Thu), 2019-10-18 (Fri), 2019-10-19 (Sat)"
2D51B80E-DD2A-4EEF-8206-7479BD881423,2019-10-01,Tuesday,Morgan City (LA),Houma A.J. Ellender (LA),21,24,,,Ambiguous-NeedsLiveCheck,"2019-10-10 (Thu), 2019-10-11 (Fri), 2019-10-12 (Sat), 2019-10-17 (Thu), 2019-10-18 (Fri), 2019-10-19 (Sat)"
CC367EC5-DB79-4359-99B8-489BA968F0F0,2019-10-01,Tuesday,Baton Rouge Scotlandville (LA),Baton Rouge Central (LA),27,30,,,Ambiguous-NeedsLiveCheck,"2019-10-10 (Thu), 2019-10-11 (Fri), 2019-10-12 (Sat), 2019-10-17 (Thu), 2019-10-18 (Fri), 2019-10-19 (Sat)"
3C09E6F8-9755-45A8-817E-48B82ADCED98,2019-10-01,Tuesday,Ruston Cedar Creek (LA),Monroe Ouachita Christian (LA),6,42,,,Ambiguous-NeedsLiveCheck,"2019-10-10 (Thu), 2019-10-11 (Fri), 2019-10-12 (Sat), 2019-10-17 (Thu), 2019-10-18 (Fri), 2019-10-19 (Sat)"
62D404D6-61D6-4083-A62C-49DC6BC1FDBF,2019-10-01,Tuesday,Thibodaux E.D. White (LA),Donaldsonville (LA),7,12,,,Ambiguous-NeedsLiveCheck,"2019-10-10 (Thu), 2019-10-11 (Fri), 2019-10-12 (Sat), 2019-10-17 (Thu), 2019-10-18 (Fri), 2019-10-19 (Sat)"
2F7C4DC0-2FF7-47BF-94A9-721D06DFE761,2019-10-01,Tuesday,Slidell (LA),Ponchatoula (LA),38,17,,,Ambiguous-NeedsLiveCheck,"2019-10-10 (Thu), 2019-10-11 (Fri), 2019-10-12 (Sat), 2019-10-17 (Thu), 2019-10-18 (Fri), 2019-10-19 (Sat)"
454FED8E-5146-4587-8A9A-7196680DD33E,2019-10-01,Tuesday,Ruston (LA),Monroe Ouachita Parish (LA),31,13,,,Ambiguous-NeedsLiveCheck,"2019-10-10 (Thu), 2019-10-11 (Fri), 2019-10-12 (Sat), 2019-10-17 (Thu), 2019-10-18 (Fri), 2019-10-19 (Sat)"
EA3D8CD9-817D-400E-8BC4-714A5C764F86,2019-10-01,Tuesday,Ville Platte Sacred Heart (LA),New Roads Catholic of Pointe Coupee (LA),12,36,,,Ambiguous-NeedsLiveCheck,"2019-10-10 (Thu), 2019-10-11 (Fri), 2019-10-12 (Sat), 2019-10-17 (Thu), 2019-10-18 (Fri), 2019-10-19 (Sat)"
994F7796-B2E0-4488-8173-4B886F23EE9C,2019-10-01,Tuesday,Pride Northeast (LA),Port Allen (LA),8,40,,,Ambiguous-NeedsLiveCheck,"2019-10-10 (Thu), 2019-10-11 (Fri), 2019-10-12 (Sat), 2019-10-17 (Thu), 2019-10-18 (Fri), 2019-10-19 (Sat)"
057D9BCD-A0F0-4F92-B78E-4C7FF046291E,2019-10-01,Tuesday,Grambling Lincoln Prep (LA),Haynesville (LA),8,43,,,Ambiguous-NeedsLiveCheck,"2019-10-10 (Thu), 2019-10-11 (Fri), 2019-10-12 (Sat), 2019-10-17 (Thu), 2019-10-18 (Fri), 2019-10-19 (Sat)"
1A769FD7-039D-42B2-B380-6F225FCFFACA,2019-10-01,Tuesday,Oakdale (LA),Kinder (LA),7,12,,,Ambiguous-NeedsLiveCheck,"2019-10-10 (Thu), 2019-10-11 (Fri), 2019-10-12 (Sat), 2019-10-17 (Thu), 2019-10-18 (Fri), 2019-10-19 (Sat)"
58720855-4895-49F0-8168-6EA745346FDD,2019-10-01,Tuesday,Crowley Notre Dame (LA),Lafayette Christian Academy (LA),14,17,,,Ambiguous-NeedsLiveCheck,"2019-10-10 (Thu), 2019-10-11 (Fri), 2019-10-12 (Sat), 2019-10-17 (Thu), 2019-10-18 (Fri), 2019-10-19 (Sat)"
69B04342-1368-438B-92FF-4E9A23C01A3F,2019-10-01,Tuesday,Kinder (LA),Rosepine (LA),42,26,,,Ambiguous-NeedsLiveCheck,"2019-10-10 (Thu), 2019-10-11 (Fri), 2019-10-12 (Sat), 2019-10-17 (Thu), 2019-10-18 (Fri), 2019-10-19 (Sat)"
F3F6CA1F-4C1F-4DD6-98DB-4EA3D4B9A69F,2019-10-01,Tuesday,Baker (LA),Brusly (LA),30,14,,,Ambiguous-NeedsLiveCheck,"2019-10-10 (Thu), 2019-10-11 (Fri), 2019-10-12 (Sat), 2019-10-17 (Thu), 2019-10-18 (Fri), 2019-10-19 (Sat)"
897B94AC-51E7-4879-BA18-6DCD1697BE90,2019-10-01,Tuesday,New Iberia Westgate (LA),Mandeville Lakeshore (LA),13,35,,,Ambiguous-NeedsLiveCheck,"2019-10-10 (Thu), 2019-10-11 (Fri), 2019-10-12 (Sat), 2019-10-17 (Thu), 2019-10-18 (Fri), 2019-10-19 (Sat)"
77080821-8455-4598-AD4A-4F13F4181478,2019-10-01,Tuesday,Bogalusa (LA),Covington Archbishop Hannan (LA),13,20,,,Ambiguous-NeedsLiveCheck,"2019-10-10 (Thu), 2019-10-11 (Fri), 2019-10-12 (Sat), 2019-10-17 (Thu), 2019-10-18 (Fri), 2019-10-19 (Sat)"
BD3BA33C-C146-4AF4-BCCF-6D3A0FB9D8D1,2019-10-01,Tuesday,Baton Rouge Parkview Baptist (LA),Baker (LA),14,20,,,Ambiguous-NeedsLiveCheck,"2019-10-10 (Thu), 2019-10-11 (Fri), 2019-10-12 (Sat), 2019-10-17 (Thu), 2019-10-18 (Fri), 2019-10-19 (Sat)"
3593F2DD-B367-4E66-B15F-4FF0ABD2EE5C,2019-10-01,Tuesday,Covington Northlake Christian (LA),Metairie Haynes Academy (LA),21,7,,,Ambiguous-NeedsLiveCheck,"2019-10-10 (Thu), 2019-10-11 (Fri), 2019-10-12 (Sat), 2019-10-17 (Thu), 2019-10-18 (Fri), 2019-10-19 (Sat)"
E7C43CCB-1179-4E92-8E9E-6B29EED51D4D,2019-10-01,Tuesday,Campti Lakeview (LA),Many (LA),14,49,,,Ambiguous-NeedsLiveCheck,"2019-10-10 (Thu), 2019-10-11 (Fri), 2019-10-12 (Sat), 2019-10-17 (Thu), 2019-10-18 (Fri), 2019-10-19 (Sat)"
BFDC87FD-E0D0-4767-9ACF-67C8E1C1D17A,2019-10-01,Tuesday,Erath (LA),Donaldsonville Ascension Catholic (LA),14,27,,,Ambiguous-NeedsLiveCheck,"2019-10-10 (Thu), 2019-10-11 (Fri), 2019-10-12 (Sat), 2019-10-17 (Thu), 2019-10-18 (Fri), 2019-10-19 (Sat)"
3ACD5780-7D1B-4F86-9689-622B0243216E,2019-10-01,Tuesday,Metairie Grace King (LA),Marrero L.W. Higgins (LA),6,23,,,Ambiguous-NeedsLiveCheck,"2019-10-10 (Thu), 2019-10-11 (Fri), 2019-10-12 (Sat), 2019-10-17 (Thu), 2019-10-18 (Fri), 2019-10-19 (Sat)"
E2468954-3F3E-4B1E-A4C6-60E265752698,2019-10-01,Tuesday,Bossier City Airline (LA),Haughton (LA),22,19,,,Ambiguous-NeedsLiveCheck,"2019-10-10 (Thu), 2019-10-11 (Fri), 2019-10-12 (Sat), 2019-10-17 (Thu), 2019-10-18 (Fri), 2019-10-19 (Sat)"
994913A3-D644-4553-BB43-5BCC9840B9FD,2019-10-01,Tuesday,Alexandria (LA),West Monroe (LA),7,19,,,Ambiguous-NeedsLiveCheck,"2019-10-10 (Thu), 2019-10-11 (Fri), 2019-10-12 (Sat), 2019-10-17 (Thu), 2019-10-18 (Fri), 2019-10-19 (Sat)"
F64F284E-FAF5-45B0-812F-5ADCA6810E1D,2019-10-01,Tuesday,Merryville (LA),Gueydan (LA),12,20,,,Ambiguous-NeedsLiveCheck,"2019-10-10 (Thu), 2019-10-11 (Fri), 2019-10-12 (Sat), 2019-10-17 (Thu), 2019-10-18 (Fri), 2019-10-19 (Sat)"
86108743-ECD9-4D84-B850-56F7014E6D0D,2019-10-01,Tuesday,Hammond St. Thomas Aquinas (LA),New Orleans Livingston Collegiate Academy (LA),21,0,,,Ambiguous-NeedsLiveCheck,"2019-10-10 (Thu), 2019-10-11 (Fri), 2019-10-12 (Sat), 2019-10-17 (Thu), 2019-10-18 (Fri), 2019-10-19 (Sat)"
41DDC361-3C8C-4835-AB50-560135FC58F1,2019-10-01,Tuesday,Sterlington (LA),Monroe Wossman (LA),49,12,,,Ambiguous-NeedsLiveCheck,"2019-10-10 (Thu), 2019-10-11 (Fri), 2019-10-12 (Sat), 2019-10-17 (Thu), 2019-10-18 (Fri), 2019-10-19 (Sat)"
F666403E-96E4-4737-ABCF-54A07BB0D5A2,2019-10-01,Tuesday,Kentwood Sumner (LA),Albany (LA),34,28,,,Ambiguous-NeedsLiveCheck,"2019-10-10 (Thu), 2019-10-11 (Fri), 2019-10-12 (Sat), 2019-10-17 (Thu), 2019-10-18 (Fri), 2019-10-19 (Sat)"
A14ED695-7398-4E08-807F-21E28E429788,2019-10-01,Tuesday,New Orleans McDonogh 35 (LA),Slidell Salmen (LA),35,6,,,Ambiguous-NeedsLiveCheck,"2019-10-10 (Thu), 2019-10-11 (Fri), 2019-10-12 (Sat), 2019-10-17 (Thu), 2019-10-18 (Fri), 2019-10-19 (Sat)"
429097E4-157A-4355-B2C5-1F0B3FAEEFB4,2019-10-01,Tuesday,Stonewall North DeSoto (LA),Shreveport Washington (LA),28,34,,,Ambiguous-NeedsLiveCheck,"2019-10-10 (Thu), 2019-10-11 (Fri), 2019-10-12 (Sat), 2019-10-17 (Thu), 2019-10-18 (Fri), 2019-10-19 (Sat)"
A4D53BEE-9089-41F1-90EA-1E619CFF126A,2019-10-01,Tuesday,Baton Rouge Capitol (LA),Jackson East Feliciana (LA),22,54,,,Ambiguous-NeedsLiveCheck,"2019-10-10 (Thu), 2019-10-11 (Fri), 2019-10-12 (Sat), 2019-10-17 (Thu), 2019-10-18 (Fri), 2019-10-19 (Sat)"
1509C28F-3C01-4390-BA03-1C083C6C2A7E,2019-10-01,Tuesday,Grambling (LA),Haynesville (LA),8,43,,,Ambiguous-NeedsLiveCheck,"2019-10-10 (Thu), 2019-10-11 (Fri), 2019-10-12 (Sat), 2019-10-17 (Thu), 2019-10-18 (Fri), 2019-10-19 (Sat)"
01D99E8A-2E1C-4E18-9327-1BE75C9DE695,2019-10-01,Tuesday,Watson Live Oak (LA),Walker (LA),14,27,,,Ambiguous-NeedsLiveCheck,"2019-10-10 (Thu), 2019-10-11 (Fri), 2019-10-12 (Sat), 2019-10-17 (Thu), 2019-10-18 (Fri), 2019-10-19 (Sat)"
16405879-4F14-4DF7-8EF7-1BAA6B664E71,2019-10-01,Tuesday,Ferriday Delta Charter (LA),St. Joseph Tensas (LA),40,12,,,Ambiguous-NeedsLiveCheck,"2019-10-10 (Thu), 2019-10-11 (Fri), 2019-10-12 (Sat), 2019-10-17 (Thu), 2019-10-18 (Fri), 2019-10-19 (Sat)"
A5C54CCD-EA32-44E4-9D5E-16D7A1B9ADFC,2019-10-01,Tuesday,Bastrop Prairie View Academy (LA),Winnsboro Franklin Academy (LA),58,16,,,Ambiguous-NeedsLiveCheck,"2019-10-10 (Thu), 2019-10-11 (Fri), 2019-10-12 (Sat), 2019-10-17 (Thu), 2019-10-18 (Fri), 2019-10-19 (Sat)"
0502D778-6804-42B8-9D6E-160F301C5C70,2019-10-01,Tuesday,Delhi (LA),Sicily Island (LA),6,0,,,Ambiguous-NeedsLiveCheck,"2019-10-10 (Thu), 2019-10-11 (Fri), 2019-10-12 (Sat), 2019-10-17 (Thu), 2019-10-18 (Fri), 2019-10-19 (Sat)"
F33F16DC-1605-4702-BFF8-143121C769D2,2019-10-01,Tuesday,Jena (LA),Dry Prong Grant (LA),48,0,,,Ambiguous-NeedsLiveCheck,"2019-10-10 (Thu), 2019-10-11 (Fri), 2019-10-12 (Sat), 2019-10-17 (Thu), 2019-10-18 (Fri), 2019-10-19 (Sat)"
B91DD074-6691-4554-883B-0E9B2C9859E3,2019-10-01,Tuesday,Natchitoches St. Mary (LA),Lena Northwood (LA),62,6,,,Ambiguous-NeedsLiveCheck,"2019-10-10 (Thu), 2019-10-11 (Fri), 2019-10-12 (Sat), 2019-10-17 (Thu), 2019-10-18 (Fri), 2019-10-19 (Sat)"
5266BB3B-8D89-44D5-A026-0D7C34F1E11B,2019-10-01,Tuesday,Baton Rouge Woodlawn (LA),Geismar Dutchtown (LA),8,45,,,Ambiguous-NeedsLiveCheck,"2019-10-10 (Thu), 2019-10-11 (Fri), 2019-10-12 (Sat), 2019-10-17 (Thu), 2019-10-18 (Fri), 2019-10-19 (Sat)"
9594291B-1494-44EF-8883-0D4E8C0B2689,2019-10-01,Tuesday,Sicily Island (LA),Monroe St. Frederick (LA),0,30,,,Ambiguous-NeedsLiveCheck,"2019-10-10 (Thu), 2019-10-11 (Fri), 2019-10-12 (Sat), 2019-10-17 (Thu), 2019-10-18 (Fri), 2019-10-19 (Sat)"
9CB7EE61-BF2B-4C91-9EFE-0C2FA23DB500,2019-10-01,Tuesday,Ville Platte (LA),Mamou (LA),20,24,,,Ambiguous-NeedsLiveCheck,"2019-10-10 (Thu), 2019-10-11 (Fri), 2019-10-12 (Sat), 2019-10-17 (Thu), 2019-10-18 (Fri), 2019-10-19 (Sat)"
8E9254B7-56FB-4AB8-AAC2-0945850CB73A,2019-10-01,Tuesday,Rayville Riverfield Academy (LA),Canton Academy (MS),50,14,,,Ambiguous-NeedsLiveCheck,"2019-10-10 (Thu), 2019-10-11 (Fri), 2019-10-12 (Sat), 2019-10-17 (Thu), 2019-10-18 (Fri), 2019-10-19 (Sat)"
E13E723C-80E2-438E-BD65-092C3FB0A2ED,2019-10-01,Tuesday,Bossier City Parkway (LA),Bossier City Airline (LA),0,24,,,Ambiguous-NeedsLiveCheck,"2019-10-10 (Thu), 2019-10-11 (Fri), 2019-10-12 (Sat), 2019-10-17 (Thu), 2019-10-18 (Fri), 2019-10-19 (Sat)"
A8909763-7218-47AD-ADD4-06F8C91BCA46,2019-10-01,Tuesday,Lake Arthur (LA),Port Barre (LA),48,0,,,Ambiguous-NeedsLiveCheck,"2019-10-10 (Thu), 2019-10-11 (Fri), 2019-10-12 (Sat), 2019-10-17 (Thu), 2019-10-18 (Fri), 2019-10-19 (Sat)"
FEBD6358-18BC-446E-A3A1-06B3E5DB8193,2019-10-01,Tuesday,Ruston Cedar Creek (LA),Monroe St. Frederick (LA),21,7,,,Ambiguous-NeedsLiveCheck,"2019-10-10 (Thu), 2019-10-11 (Fri), 2019-10-12 (Sat), 2019-10-17 (Thu), 2019-10-18 (Fri), 2019-10-19 (Sat)"
033ECC99-97A5-46B2-960F-06A7B69A57B5,2019-10-01,Tuesday,Houma Terrebonne (LA),Destrehan (LA),30,22,,,Ambiguous-NeedsLiveCheck,"2019-10-10 (Thu), 2019-10-11 (Fri), 2019-10-12 (Sat), 2019-10-17 (Thu), 2019-10-18 (Fri), 2019-10-19 (Sat)"
113C6010-6C8A-4545-BDE0-03787DBC5AFB,2019-09-02,Monday,Shreveport Woodlawn (LA),Haughton (LA),12,56,,,Ambiguous-NeedsLiveCheck,"2019-09-20 (Fri), 2019-09-21 (Sat), 2019-09-26 (Thu), 2019-09-27 (Fri), 2019-09-28 (Sat)"
B866E614-B1A7-4CB9-8F5E-02C89F2495AB,2019-10-01,Tuesday,Harvey West Jefferson (LA),Chalmette (LA),28,58,,,Ambiguous-NeedsLiveCheck,"2019-10-10 (Thu), 2019-10-11 (Fri), 2019-10-12 (Sat), 2019-10-17 (Thu), 2019-10-18 (Fri), 2019-10-19 (Sat)"
6E1FB32C-1922-49CA-98AF-0176AC8864D5,2019-10-01,Tuesday,Campti Lakeview (LA),Farmerville D'Arbonne Woods (LA),58,12,,,Ambiguous-NeedsLiveCheck,"2019-10-10 (Thu), 2019-10-11 (Fri), 2019-10-12 (Sat), 2019-10-17 (Thu), 2019-10-18 (Fri), 2019-10-19 (Sat)"
8254F1B6-B05E-4DA3-846C-00F2142420D0,2019-10-01,Tuesday,Baton Rouge Parkview Baptist (LA),St. Francisville West Feliciana (LA),34,6,,,Ambiguous-NeedsLiveCheck,"2019-10-10 (Thu), 2019-10-11 (Fri), 2019-10-12 (Sat), 2019-10-17 (Thu), 2019-10-18 (Fri), 2019-10-19 (Sat)"
20E6E2AA-BE2E-4457-ACC6-FEC622C968DE,2019-10-01,Tuesday,Greensburg St. Helena College (LA),Amite (LA),0,29,,,Ambiguous-NeedsLiveCheck,"2019-10-10 (Thu), 2019-10-11 (Fri), 2019-10-12 (Sat), 2019-10-17 (Thu), 2019-10-18 (Fri), 2019-10-19 (Sat)"
07BA89C3-CA9A-426D-AA92-FD99A7E7B33B,2019-10-01,Tuesday,Metairie Park Country Day (LA),Metairie St. Martin's Episcopal (LA),56,0,,,Ambiguous-NeedsLiveCheck,"2019-10-10 (Thu), 2019-10-11 (Fri), 2019-10-12 (Sat), 2019-10-17 (Thu), 2019-10-18 (Fri), 2019-10-19 (Sat)"
F28B0A2F-BEF3-4C36-8B29-FB86E2A2F10C,2019-10-01,Tuesday,Rayville (LA),Delhi Charter (LA),20,15,,,Ambiguous-NeedsLiveCheck,"2019-10-10 (Thu), 2019-10-11 (Fri), 2019-10-12 (Sat), 2019-10-17 (Thu), 2019-10-18 (Fri), 2019-10-19 (Sat)"
9DACC065-2EAC-4FD3-9364-F9BC23CF21BD,2019-10-01,Tuesday,Marksville (LA),Buckeye (LA),48,14,,,Ambiguous-NeedsLiveCheck,"2019-10-10 (Thu), 2019-10-11 (Fri), 2019-10-12 (Sat), 2019-10-17 (Thu), 2019-10-18 (Fri), 2019-10-19 (Sat)"
E25EFFA8-5636-4B29-BA81-F997033C6174,2019-10-01,Tuesday,Port Allen (LA),Jackson East Feliciana (LA),32,14,,,Ambiguous-NeedsLiveCheck,"2019-10-10 (Thu), 2019-10-11 (Fri), 2019-10-12 (Sat), 2019-10-17 (Thu), 2019-10-18 (Fri), 2019-10-19 (Sat)"
2B1A21CB-EA8A-4CAB-AC55-F6B667D3580C,2019-10-01,Tuesday,Bogalusa Ben's Ford Christian (LA),DeKalb Kemper Academy (MS),14,50,,,Ambiguous-NeedsLiveCheck,"2019-10-10 (Thu), 2019-10-11 (Fri), 2019-10-12 (Sat), 2019-10-17 (Thu), 2019-10-18 (Fri), 2019-10-19 (Sat)"
6773DB12-26AD-4573-85E0-F5C2C37C57E2,2019-10-01,Tuesday,Bunkie (LA),Alexandria Holy Savior Menard (LA),0,21,,,Ambiguous-NeedsLiveCheck,"2019-10-10 (Thu), 2019-10-11 (Fri), 2019-10-12 (Sat), 2019-10-17 (Thu), 2019-10-18 (Fri), 2019-10-19 (Sat)"
40655162-3B94-4EF4-B749-F55F09119928,2019-10-01,Tuesday,De Quincy (LA),Oakdale (LA),31,29,,,Ambiguous-NeedsLiveCheck,"2019-10-10 (Thu), 2019-10-11 (Fri), 2019-10-12 (Sat), 2019-10-17 (Thu), 2019-10-18 (Fri), 2019-10-19 (Sat)"
6F6B97F0-1274-4EC2-ACCE-F4466891444F,2019-10-01,Tuesday,Kentwood (LA),Angie Varnado (LA),40,24,,,Ambiguous-NeedsLiveCheck,"2019-10-10 (Thu), 2019-10-11 (Fri), 2019-10-12 (Sat), 2019-10-17 (Thu), 2019-10-18 (Fri), 2019-10-19 (Sat)"
A05ADD16-B926-4753-B2F8-F3AC87DCF3B8,2019-10-01,Tuesday,Tallulah Madison (LA),Bastrop Beekman Charter (LA),26,6,,,Ambiguous-NeedsLiveCheck,"2019-10-10 (Thu), 2019-10-11 (Fri), 2019-10-12 (Sat), 2019-10-17 (Thu), 2019-10-18 (Fri), 2019-10-19 (Sat)"
E154E7AF-4E45-455F-A96E-F17DDF2CCEE5,2019-10-01,Tuesday,Baton Rouge McKinley (LA),Baton Rouge Catholic (LA),7,62,,,Ambiguous-NeedsLiveCheck,"2019-10-10 (Thu), 2019-10-11 (Fri), 2019-10-12 (Sat), 2019-10-17 (Thu), 2019-10-18 (Fri), 2019-10-19 (Sat)"
D7599482-61AC-4673-B541-F14D8548E887,2019-10-01,Tuesday,Kaplan (LA),St. Martinville (LA),26,15,,,Ambiguous-NeedsLiveCheck,"2019-10-10 (Thu), 2019-10-11 (Fri), 2019-10-12 (Sat), 2019-10-17 (Thu), 2019-10-18 (Fri), 2019-10-19 (Sat)"
449B052C-8683-4347-B8E6-EFE5DF77C3E5,2019-10-01,Tuesday,Lake Charles Grand Lake (LA),Lake Charles Hamilton Christian (LA),0,14,,,Ambiguous-NeedsLiveCheck,"2019-10-10 (Thu), 2019-10-11 (Fri), 2019-10-12 (Sat), 2019-10-17 (Thu), 2019-10-18 (Fri), 2019-10-19 (Sat)"
1ED54598-8746-4CBB-9E33-EFD8A30CFBE2,2019-10-01,Tuesday,Amite Oak Forest Academy (LA),McComb Parklane Academy (MS),41,22,,,Ambiguous-NeedsLiveCheck,"2019-10-10 (Thu), 2019-10-11 (Fri), 2019-10-12 (Sat), 2019-10-17 (Thu), 2019-10-18 (Fri), 2019-10-19 (Sat)"
337FBA5D-E1BF-4F2E-AC74-ED9BDCD95FC3,2019-10-01,Tuesday,Bourg South Terrebonne (LA),Napoleonville Assumption (LA),0,34,,,Ambiguous-NeedsLiveCheck,"2019-10-10 (Thu), 2019-10-11 (Fri), 2019-10-12 (Sat), 2019-10-17 (Thu), 2019-10-18 (Fri), 2019-10-19 (Sat)"
670F1EF0-1801-4701-9BB7-ED665D75B869,2019-10-01,Tuesday,Columbia Caldwell Parish (LA),Monroe Carroll (LA),20,13,,,Ambiguous-NeedsLiveCheck,"2019-10-10 (Thu), 2019-10-11 (Fri), 2019-10-12 (Sat), 2019-10-17 (Thu), 2019-10-18 (Fri), 2019-10-19 (Sat)"
1A5B2F8A-1F87-4AFF-AEC5-E7253292FA11,2019-10-01,Tuesday,Oak Grove (LA),St. Joseph Tensas (LA),52,12,,,Ambiguous-NeedsLiveCheck,"2019-10-10 (Thu), 2019-10-11 (Fri), 2019-10-12 (Sat), 2019-10-17 (Thu), 2019-10-18 (Fri), 2019-10-19 (Sat)"
287F879A-9479-47E7-BCAE-E67A536B0636,2019-10-01,Tuesday,Boutte Hahnville (LA),Raceland Central Lafourche (LA),42,30,,,Ambiguous-NeedsLiveCheck,"2019-10-10 (Thu), 2019-10-11 (Fri), 2019-10-12 (Sat), 2019-10-17 (Thu), 2019-10-18 (Fri), 2019-10-19 (Sat)"
2DC1932E-6B9A-4507-9455-E1E54777C280,2019-10-01,Tuesday,Minden (LA),Stonewall North DeSoto (LA),38,14,,,Ambiguous-NeedsLiveCheck,"2019-10-10 (Thu), 2019-10-11 (Fri), 2019-10-12 (Sat), 2019-10-17 (Thu), 2019-10-18 (Fri), 2019-10-19 (Sat)"
53D2ABDC-87AF-4E7D-AD89-DEAFA141BF61,2019-10-01,Tuesday,Haynesville (LA),Arcadia (LA),21,12,,,Ambiguous-NeedsLiveCheck,"2019-10-10 (Thu), 2019-10-11 (Fri), 2019-10-12 (Sat), 2019-10-17 (Thu), 2019-10-18 (Fri), 2019-10-19 (Sat)"
91FCE2D5-B5B9-4908-9900-DE2AE829E8CE,2019-10-01,Tuesday,Baton Rouge Glen Oaks (LA),Brusly (LA),20,15,,,Ambiguous-NeedsLiveCheck,"2019-10-10 (Thu), 2019-10-11 (Fri), 2019-10-12 (Sat), 2019-10-17 (Thu), 2019-10-18 (Fri), 2019-10-19 (Sat)"
D67AAA23-5BF9-4130-9F0A-DD8716994216,2019-10-01,Tuesday,Shreveport Southwood (LA),Haughton (LA),13,41,,,Ambiguous-NeedsLiveCheck,"2019-10-10 (Thu), 2019-10-11 (Fri), 2019-10-12 (Sat), 2019-10-17 (Thu), 2019-10-18 (Fri), 2019-10-19 (Sat)"
5051714A-11EA-4522-8291-DB5730321EBE,2019-10-01,Tuesday,Sulphur (LA),Youngsville Southside (LA),35,38,,,Ambiguous-NeedsLiveCheck,"2019-10-10 (Thu), 2019-10-11 (Fri), 2019-10-12 (Sat), 2019-10-17 (Thu), 2019-10-18 (Fri), 2019-10-19 (Sat)"
048DD2EA-6110-4CA5-936D-D9EA7948F5A5,2019-10-01,Tuesday,Lake Providence Briarfield Academy (LA),Bastrop Prairie View Academy (LA),78,30,,,Ambiguous-NeedsLiveCheck,"2019-10-10 (Thu), 2019-10-11 (Fri), 2019-10-12 (Sat), 2019-10-17 (Thu), 2019-10-18 (Fri), 2019-10-19 (Sat)"
B67E8457-9FAF-430B-BA92-D9E4DC754DF7,2019-10-01,Tuesday,Winnfield (LA),Coushatta Red River (LA),27,30,,,Ambiguous-NeedsLiveCheck,"2019-10-10 (Thu), 2019-10-11 (Fri), 2019-10-12 (Sat), 2019-10-17 (Thu), 2019-10-18 (Fri), 2019-10-19 (Sat)"
096FB46F-4C82-47DC-A04D-D70333B0C1C4,2019-09-02,Monday,Baton Rouge Central Baptist (LA),Baton Rouge Mentorship Academy (LA),67,6,,,Ambiguous-NeedsLiveCheck,"2019-09-20 (Fri), 2019-09-21 (Sat), 2019-09-26 (Thu), 2019-09-27 (Fri), 2019-09-28 (Sat)"
55C51387-E1DE-488B-ABD6-D6332B27E2DA,2019-10-01,Tuesday,St. James (LA),Lutcher (LA),34,13,,,Ambiguous-NeedsLiveCheck,"2019-10-10 (Thu), 2019-10-11 (Fri), 2019-10-12 (Sat), 2019-10-17 (Thu), 2019-10-18 (Fri), 2019-10-19 (Sat)"
F6C2DB3A-D84B-439C-AEB1-8719545D7885,2019-10-01,Tuesday,Crowley (LA),Lake Charles Washington-Marion (LA),44,38,,,Ambiguous-NeedsLiveCheck,"2019-10-10 (Thu), 2019-10-11 (Fri), 2019-10-12 (Sat), 2019-10-17 (Thu), 2019-10-18 (Fri), 2019-10-19 (Sat)"
552AFE03-1137-4DAA-9B37-86DF3D555EBA,2019-10-01,Tuesday,Slaughter Community Charter (LA),Baker Central Private (LA),12,36,,,Ambiguous-NeedsLiveCheck,"2019-10-10 (Thu), 2019-10-11 (Fri), 2019-10-12 (Sat), 2019-10-17 (Thu), 2019-10-18 (Fri), 2019-10-19 (Sat)"
4E2767F2-FCF9-46DB-8FF7-86A2D9A2AA84,2019-10-01,Tuesday,Olla LaSalle (LA),Natchitoches St. Mary (LA),36,34,,,Ambiguous-NeedsLiveCheck,"2019-10-10 (Thu), 2019-10-11 (Fri), 2019-10-12 (Sat), 2019-10-17 (Thu), 2019-10-18 (Fri), 2019-10-19 (Sat)"
C70F6BE5-E900-4629-86E9-849D380CF04A,2019-10-01,Tuesday,Loranger (LA),New Orleans Kennedy (LA),34,7,,,Ambiguous-NeedsLiveCheck,"2019-10-10 (Thu), 2019-10-11 (Fri), 2019-10-12 (Sat), 2019-10-17 (Thu), 2019-10-18 (Fri), 2019-10-19 (Sat)"
78E2F7D9-EA7F-4C09-9F85-844C280AA2CA,2019-10-01,Tuesday,Rosepine (LA),Vinton (LA),52,50,,,Ambiguous-NeedsLiveCheck,"2019-10-10 (Thu), 2019-10-11 (Fri), 2019-10-12 (Sat), 2019-10-17 (Thu), 2019-10-18 (Fri), 2019-10-19 (Sat)"
5D2C3B4B-1C74-49A0-853F-82BCB578EBF9,2019-10-01,Tuesday,Cecilia (LA),Breaux Bridge (LA),37,38,,,Ambiguous-NeedsLiveCheck,"2019-10-10 (Thu), 2019-10-11 (Fri), 2019-10-12 (Sat), 2019-10-17 (Thu), 2019-10-18 (Fri), 2019-10-19 (Sat)"
19F20766-1ED3-43F5-8265-820B3EBD8A17,2019-10-01,Tuesday,Winnsboro Franklin Parish (LA),Bastrop (LA),0,34,,,Ambiguous-NeedsLiveCheck,"2019-10-10 (Thu), 2019-10-11 (Fri), 2019-10-12 (Sat), 2019-10-17 (Thu), 2019-10-18 (Fri), 2019-10-19 (Sat)"
3C2D7E86-9052-4DE5-8794-7FB8F9B92BBE,2019-10-01,Tuesday,Homer (LA),Ringgold (LA),72,16,,,Ambiguous-NeedsLiveCheck,"2019-10-10 (Thu), 2019-10-11 (Fri), 2019-10-12 (Sat), 2019-10-17 (Thu), 2019-10-18 (Fri), 2019-10-19 (Sat)"
6C63AC92-C9CA-4715-A4B1-7F100993A5E9,2019-10-01,Tuesday,Lafayette Christian Academy (LA),Lake Arthur (LA),56,6,,,Ambiguous-NeedsLiveCheck,"2019-10-10 (Thu), 2019-10-11 (Fri), 2019-10-12 (Sat), 2019-10-17 (Thu), 2019-10-18 (Fri), 2019-10-19 (Sat)"
808A6F46-25C5-4338-B8A5-7EF9E8967E08,2019-10-01,Tuesday,New Iberia Catholic (LA),Baldwin West St. Mary (LA),62,20,,,Ambiguous-NeedsLiveCheck,"2019-10-10 (Thu), 2019-10-11 (Fri), 2019-10-12 (Sat), 2019-10-17 (Thu), 2019-10-18 (Fri), 2019-10-19 (Sat)"
89DDBE74-146A-48DD-8951-D4005AB43C4A,2019-10-01,Tuesday,Baton Rouge Broadmoor (LA),Baton Rouge St. Michael (LA),20,34,,,Ambiguous-NeedsLiveCheck,"2019-10-10 (Thu), 2019-10-11 (Fri), 2019-10-12 (Sat), 2019-10-17 (Thu), 2019-10-18 (Fri), 2019-10-19 (Sat)"
78255DC8-9151-4294-8C08-D090B9B668C9,2019-10-01,Tuesday,New Orleans Eleanor McMain (LA),New Orleans Carver (LA),12,33,,,Ambiguous-NeedsLiveCheck,"2019-10-10 (Thu), 2019-10-11 (Fri), 2019-10-12 (Sat), 2019-10-17 (Thu), 2019-10-18 (Fri), 2019-10-19 (Sat)"
AE1533B8-73B3-440E-A971-CE97BB24DC18,2019-10-01,Tuesday,Many (LA),Moreauville Avoyelles (LA),35,14,,,Ambiguous-NeedsLiveCheck,"2019-10-10 (Thu), 2019-10-11 (Fri), 2019-10-12 (Sat), 2019-10-17 (Thu), 2019-10-18 (Fri), 2019-10-19 (Sat)"
508AC9A3-8579-48EE-BAD5-CD0681869A4C,2019-10-01,Tuesday,Slidell Northshore (LA),Covington St. Paul's (LA),7,44,,,Ambiguous-NeedsLiveCheck,"2019-10-10 (Thu), 2019-10-11 (Fri), 2019-10-12 (Sat), 2019-10-17 (Thu), 2019-10-18 (Fri), 2019-10-19 (Sat)"
E06CB297-1447-42F2-B888-CB267E4F6C56,2019-10-01,Tuesday,St. Gabriel East Iberville (LA),White Castle (LA),20,22,,,Ambiguous-NeedsLiveCheck,"2019-10-10 (Thu), 2019-10-11 (Fri), 2019-10-12 (Sat), 2019-10-17 (Thu), 2019-10-18 (Fri), 2019-10-19 (Sat)"
571AF612-101C-4952-885B-CA874548EE98,2019-10-01,Tuesday,St. Amant (LA),Baton Rouge Woodlawn (LA),49,6,,,Ambiguous-NeedsLiveCheck,"2019-10-10 (Thu), 2019-10-11 (Fri), 2019-10-12 (Sat), 2019-10-17 (Thu), 2019-10-18 (Fri), 2019-10-19 (Sat)"
EB238F83-8EF7-4BD4-88D2-C5D9589ACDA9,2019-10-01,Tuesday,Hammond St. Thomas Aquinas (LA),New Orleans Newman (LA),0,42,,,Ambiguous-NeedsLiveCheck,"2019-10-10 (Thu), 2019-10-11 (Fri), 2019-10-12 (Sat), 2019-10-17 (Thu), 2019-10-18 (Fri), 2019-10-19 (Sat)"
FE7C4F41-4723-450C-B500-C29707EE285A,2019-10-01,Tuesday,Gonzales East Ascension (LA),Geismar Dutchtown (LA),29,24,,,Ambiguous-NeedsLiveCheck,"2019-10-10 (Thu), 2019-10-11 (Fri), 2019-10-12 (Sat), 2019-10-17 (Thu), 2019-10-18 (Fri), 2019-10-19 (Sat)"
C4D4407F-90ED-4516-A6C5-BFFF0FDA9125,2019-10-01,Tuesday,Ruston (LA),Pineville (LA),63,14,,,Ambiguous-NeedsLiveCheck,"2019-10-10 (Thu), 2019-10-11 (Fri), 2019-10-12 (Sat), 2019-10-17 (Thu), 2019-10-18 (Fri), 2019-10-19 (Sat)"
65C34216-FBF4-4B86-AA89-BF1A35C07B07,2019-10-01,Tuesday,River Ridge Curtis (LA),New Orleans Jesuit (LA),35,14,,,Ambiguous-NeedsLiveCheck,"2019-10-10 (Thu), 2019-10-11 (Fri), 2019-10-12 (Sat), 2019-10-17 (Thu), 2019-10-18 (Fri), 2019-10-19 (Sat)"
433E4F0F-9C73-4E9F-B622-BE4051857DCD,2019-10-01,Tuesday,Lafayette Teurlings Catholic (LA),Lafayette Carencro (LA),27,31,,,Ambiguous-NeedsLiveCheck,"2019-10-10 (Thu), 2019-10-11 (Fri), 2019-10-12 (Sat), 2019-10-17 (Thu), 2019-10-18 (Fri), 2019-10-19 (Sat)"
85C8C6CB-47B8-4DFF-AD50-BD37CA138D9E,2019-10-01,Tuesday,Erath (LA),Kaplan (LA),20,12,,,Ambiguous-NeedsLiveCheck,"2019-10-10 (Thu), 2019-10-11 (Fri), 2019-10-12 (Sat), 2019-10-17 (Thu), 2019-10-18 (Fri), 2019-10-19 (Sat)"
49F9C67C-9289-4243-9D11-BD0D67108523,2019-10-01,Tuesday,Shreveport Northwood (LA),Shreveport Evangel Christian Academy (LA),14,50,,,Ambiguous-NeedsLiveCheck,"2019-10-10 (Thu), 2019-10-11 (Fri), 2019-10-12 (Sat), 2019-10-17 (Thu), 2019-10-18 (Fri), 2019-10-19 (Sat)"
289174DE-6708-43A9-A919-BC503F3A571D,2019-10-01,Tuesday,Franklinton (LA),Laplace St. Charles (LA),6,35,,,Ambiguous-NeedsLiveCheck,"2019-10-10 (Thu), 2019-10-11 (Fri), 2019-10-12 (Sat), 2019-10-17 (Thu), 2019-10-18 (Fri), 2019-10-19 (Sat)"
4AA21164-8314-4233-B83A-BC3379B2E1A4,2019-10-01,Tuesday,Edgard West Saint John (LA),Metairie Park Country Day (LA),42,35,,,Ambiguous-NeedsLiveCheck,"2019-10-10 (Thu), 2019-10-11 (Fri), 2019-10-12 (Sat), 2019-10-17 (Thu), 2019-10-18 (Fri), 2019-10-19 (Sat)"
F423B994-3CC1-46DA-B9F5-BAC898110A28,2019-10-01,Tuesday,Lafayette Carencro (LA),Lafayette Northside (LA),45,12,,,Ambiguous-NeedsLiveCheck,"2019-10-10 (Thu), 2019-10-11 (Fri), 2019-10-12 (Sat), 2019-10-17 (Thu), 2019-10-18 (Fri), 2019-10-19 (Sat)"
FBC0511C-2F10-42AE-805F-B8C4CA4A22B1,2019-10-01,Tuesday,Pine Prairie (LA),Opelousas Northwest (LA),0,38,,,Ambiguous-NeedsLiveCheck,"2019-10-10 (Thu), 2019-10-11 (Fri), 2019-10-12 (Sat), 2019-10-17 (Thu), 2019-10-18 (Fri), 2019-10-19 (Sat)"
ABE20370-BC16-4343-B751-B76E51DD84DC,2019-10-01,Tuesday,Kentwood (LA),Independence (LA),35,14,,,Ambiguous-NeedsLiveCheck,"2019-10-10 (Thu), 2019-10-11 (Fri), 2019-10-12 (Sat), 2019-10-17 (Thu), 2019-10-18 (Fri), 2019-10-19 (Sat)"
E9173CEC-AFFD-4148-B105-B744987BF5DF,2019-10-01,Tuesday,Vidalia (LA),Lake Providence General Trass (LA),12,13,,,Ambiguous-NeedsLiveCheck,"2019-10-10 (Thu), 2019-10-11 (Fri), 2019-10-12 (Sat), 2019-10-17 (Thu), 2019-10-18 (Fri), 2019-10-19 (Sat)"
BA8B4C50-AD2B-4224-9BF0-B6803C4A87FC,2019-10-01,Tuesday,Lake Providence General Trass (LA),Mangham (LA),14,37,,,Ambiguous-NeedsLiveCheck,"2019-10-10 (Thu), 2019-10-11 (Fri), 2019-10-12 (Sat), 2019-10-17 (Thu), 2019-10-18 (Fri), 2019-10-19 (Sat)"
392E3C19-C6DB-4409-AA46-B66A010E0321,2019-10-01,Tuesday,Houma Vandebilt Catholic (LA),Galliano South Lafourche (LA),18,3,,,Ambiguous-NeedsLiveCheck,"2019-10-10 (Thu), 2019-10-11 (Fri), 2019-10-12 (Sat), 2019-10-17 (Thu), 2019-10-18 (Fri), 2019-10-19 (Sat)"
77AD0F0E-1A01-45BC-A356-B659BB2F1742,2019-10-01,Tuesday,Baton Rouge Madison Prep Academy (LA),Baton Rouge Mentorship Academy (LA),13,0,,,Ambiguous-NeedsLiveCheck,"2019-10-10 (Thu), 2019-10-11 (Fri), 2019-10-12 (Sat), 2019-10-17 (Thu), 2019-10-18 (Fri), 2019-10-19 (Sat)"
AE142AF6-B0ED-462E-9D37-B5FD2C262028,2019-10-01,Tuesday,Baton Rouge Catholic (LA),Gonzales East Ascension (LA),41,6,,,Ambiguous-NeedsLiveCheck,"2019-10-10 (Thu), 2019-10-11 (Fri), 2019-10-12 (Sat), 2019-10-17 (Thu), 2019-10-18 (Fri), 2019-10-19 (Sat)"
BA001D9B-DF94-409F-9874-B2F094EFACF5,2019-10-01,Tuesday,Destrehan (LA),Reserve East St. John (LA),13,14,,,Ambiguous-NeedsLiveCheck,"2019-10-10 (Thu), 2019-10-11 (Fri), 2019-10-12 (Sat), 2019-10-17 (Thu), 2019-10-18 (Fri), 2019-10-19 (Sat)"
A6A91F06-3D35-4FA6-8A1C-B13EA539F1CA,2019-10-01,Tuesday,Farmerville Union Christian Academy (LA),Haynesville Claiborne Academy (LA),66,40,,,Ambiguous-NeedsLiveCheck,"2019-10-10 (Thu), 2019-10-11 (Fri), 2019-10-12 (Sat), 2019-10-17 (Thu), 2019-10-18 (Fri), 2019-10-19 (Sat)"
7D813890-FFDD-43FB-A507-B0664870D0B1,2019-10-01,Tuesday,Abbeville (LA),Crowley (LA),15,41,,,Ambiguous-NeedsLiveCheck,"2019-10-10 (Thu), 2019-10-11 (Fri), 2019-10-12 (Sat), 2019-10-17 (Thu), 2019-10-18 (Fri), 2019-10-19 (Sat)"
B841AD3D-4E6B-4AA9-9F3B-B0333514E70B,2019-10-01,Tuesday,Metairie East Jefferson (LA),Metairie Grace King (LA),39,0,,,Ambiguous-NeedsLiveCheck,"2019-10-10 (Thu), 2019-10-11 (Fri), 2019-10-12 (Sat), 2019-10-17 (Thu), 2019-10-18 (Fri), 2019-10-19 (Sat)"
4DB38A47-B21E-4958-90B3-AD8520F7AF5D,2019-10-01,Tuesday,Metairie Ridgewood (LA),New Orleans Benjamin Franklin (LA),21,45,,,Ambiguous-NeedsLiveCheck,"2019-10-10 (Thu), 2019-10-11 (Fri), 2019-10-12 (Sat), 2019-10-17 (Thu), 2019-10-18 (Fri), 2019-10-19 (Sat)"
2E1DE10F-A512-4E59-9A76-A686210FD1E5,2019-10-01,Tuesday,Lake Charles St. Louis Catholic (LA),Jennings (LA),41,21,,,Ambiguous-NeedsLiveCheck,"2019-10-10 (Thu), 2019-10-11 (Fri), 2019-10-12 (Sat), 2019-10-17 (Thu), 2019-10-18 (Fri), 2019-10-19 (Sat)"
5E219792-FDDC-42A7-A107-A593BFCED373,2019-10-01,Tuesday,Lafayette Comeaux (LA),Sulphur (LA),33,30,,,Ambiguous-NeedsLiveCheck,"2019-10-10 (Thu), 2019-10-11 (Fri), 2019-10-12 (Sat), 2019-10-17 (Thu), 2019-10-18 (Fri), 2019-10-19 (Sat)"
B61C52C6-975C-4873-A283-A45507C58695,2019-10-01,Tuesday,Metairie East Jefferson (LA),Chalmette (LA),27,43,,,Ambiguous-NeedsLiveCheck,"2019-10-10 (Thu), 2019-10-11 (Fri), 2019-10-12 (Sat), 2019-10-17 (Thu), 2019-10-18 (Fri), 2019-10-19 (Sat)"
314E9887-B67E-4192-9857-A383434E4978,2019-10-01,Tuesday,Lafitte Fisher (LA),New Orleans Cohen (LA),8,28,,,Ambiguous-NeedsLiveCheck,"2019-10-10 (Thu), 2019-10-11 (Fri), 2019-10-12 (Sat), 2019-10-17 (Thu), 2019-10-18 (Fri), 2019-10-19 (Sat)"
A1BF10C0-7C12-4AAC-82FE-A2280152F21F,2019-10-01,Tuesday,Farmerville Union Parish (LA),Sterlington (LA),17,18,,,Ambiguous-NeedsLiveCheck,"2019-10-10 (Thu), 2019-10-11 (Fri), 2019-10-12 (Sat), 2019-10-17 (Thu), 2019-10-18 (Fri), 2019-10-19 (Sat)"
81254686-7E38-4A93-908E-A223D5E8AF26,2019-10-01,Tuesday,Shreveport Loyola College Prep (LA),Bossier City Bossier (LA),35,28,,,Ambiguous-NeedsLiveCheck,"2019-10-10 (Thu), 2019-10-11 (Fri), 2019-10-12 (Sat), 2019-10-17 (Thu), 2019-10-18 (Fri), 2019-10-19 (Sat)"
C5922F4D-FF22-446E-815B-A12FA6235A56,2019-10-01,Tuesday,New Roads Catholic of Pointe Coupee (LA),Opelousas Catholic (LA),44,10,,,Ambiguous-NeedsLiveCheck,"2019-10-10 (Thu), 2019-10-11 (Fri), 2019-10-12 (Sat), 2019-10-17 (Thu), 2019-10-18 (Fri), 2019-10-19 (Sat)"
971A7534-DABD-49F8-855B-9ED9307CE7BC,2019-12-01,Sunday,Ferriday (LA),Many (LA),56,17,2019-12-13,Friday,High-UniqueFriday,"2019-12-12 (Thu), 2019-12-13 (Fri), 2019-12-14 (Sat), 2019-12-19 (Thu)"
E426182D-2712-41C9-854D-9D2CCA426C57,2019-10-01,Tuesday,Opelousas Westminster Academy (LA),Ville Platte Sacred Heart (LA),17,34,,,Ambiguous-NeedsLiveCheck,"2019-10-10 (Thu), 2019-10-11 (Fri), 2019-10-12 (Sat), 2019-10-17 (Thu), 2019-10-18 (Fri), 2019-10-19 (Sat)"
4E28B6C5-3DAA-4C81-9B09-9BF69F3D0154,2019-10-01,Tuesday,Delcambre (LA),Lafayette Ascension Episcopal (LA),20,49,,,Ambiguous-NeedsLiveCheck,"2019-10-10 (Thu), 2019-10-11 (Fri), 2019-10-12 (Sat), 2019-10-17 (Thu), 2019-10-18 (Fri), 2019-10-19 (Sat)"
71A02E07-CD04-44A1-B7D4-985BB284842A,2019-10-01,Tuesday,Delhi (LA),Ferriday Delta Charter (LA),12,36,,,Ambiguous-NeedsLiveCheck,"2019-10-10 (Thu), 2019-10-11 (Fri), 2019-10-12 (Sat), 2019-10-17 (Thu), 2019-10-18 (Fri), 2019-10-19 (Sat)"
4B417507-F106-4CDE-BB82-95698210F7E6,2019-10-01,Tuesday,Morgan City Central Catholic (LA),Franklin Hanson Memorial (LA),42,14,,,Ambiguous-NeedsLiveCheck,"2019-10-10 (Thu), 2019-10-11 (Fri), 2019-10-12 (Sat), 2019-10-17 (Thu), 2019-10-18 (Fri), 2019-10-19 (Sat)"
15721DDE-25A9-4D93-B31E-95346E5FBF02,2019-10-01,Tuesday,Lake Charles Sam Houston (LA),Youngsville Southside (LA),66,43,,,Ambiguous-NeedsLiveCheck,"2019-10-10 (Thu), 2019-10-11 (Fri), 2019-10-12 (Sat), 2019-10-17 (Thu), 2019-10-18 (Fri), 2019-10-19 (Sat)"
B9595532-4FE4-4B89-8EE3-94C27EA0646F,2019-10-01,Tuesday,New Orleans Lusher (LA),New Orleans Kennedy (LA),32,49,,,Ambiguous-NeedsLiveCheck,"2019-10-10 (Thu), 2019-10-11 (Fri), 2019-10-12 (Sat), 2019-10-17 (Thu), 2019-10-18 (Fri), 2019-10-19 (Sat)"
C513F47F-332B-49C2-B92E-919994FEB508,2019-10-01,Tuesday,Monroe River Oaks (LA),Minden Glenbrook (LA),23,34,,,Ambiguous-NeedsLiveCheck,"2019-10-10 (Thu), 2019-10-11 (Fri), 2019-10-12 (Sat), 2019-10-17 (Thu), 2019-10-18 (Fri), 2019-10-19 (Sat)"
D788C2DF-38E5-4462-AB1D-8A0C7DF97D71,2019-10-01,Tuesday,Gueydan (LA),Lake Charles Hamilton Christian (LA),20,6,,,Ambiguous-NeedsLiveCheck,"2019-10-10 (Thu), 2019-10-11 (Fri), 2019-10-12 (Sat), 2019-10-17 (Thu), 2019-10-18 (Fri), 2019-10-19 (Sat)"
BB9FD1CD-9600-4CC7-A429-877A7306535A,2019-10-01,Tuesday,Shreveport Evangel Christian Academy (LA),Shreveport Woodlawn (LA),49,12,,,Ambiguous-NeedsLiveCheck,"2019-10-10 (Thu), 2019-10-11 (Fri), 2019-10-12 (Sat), 2019-10-17 (Thu), 2019-10-18 (Fri), 2019-10-19 (Sat)"
B3DBE533-3F34-47AD-BB9A-7BE9BC309195,2019-10-01,Tuesday,Oberlin (LA),Lake Charles Grand Lake (LA),34,13,,,Ambiguous-NeedsLiveCheck,"2019-10-10 (Thu), 2019-10-11 (Fri), 2019-10-12 (Sat), 2019-10-17 (Thu), 2019-10-18 (Fri), 2019-10-19 (Sat)"
11899615-B82E-43EC-82CE-7B02125FC67A,2019-10-01,Tuesday,Plaquemine (LA),Baton Rouge St. Michael (LA),14,34,,,Ambiguous-NeedsLiveCheck,"2019-10-10 (Thu), 2019-10-11 (Fri), 2019-10-12 (Sat), 2019-10-17 (Thu), 2019-10-18 (Fri), 2019-10-19 (Sat)"
3A8EBAAD-B317-42AE-B501-7AF56990EDFF,2019-10-01,Tuesday,St. Amant (LA),Baton Rouge McKinley (LA),44,7,,,Ambiguous-NeedsLiveCheck,"2019-10-10 (Thu), 2019-10-11 (Fri), 2019-10-12 (Sat), 2019-10-17 (Thu), 2019-10-18 (Fri), 2019-10-19 (Sat)"
5F20631D-36D8-48D4-9878-7A19BD531CC9,2019-12-01,Sunday,Oak Grove (LA),White Castle (LA),55,12,2019-12-13,Friday,High-UniqueFriday,"2019-12-12 (Thu), 2019-12-13 (Fri), 2019-12-14 (Sat), 2019-12-19 (Thu)"
CD192573-E67A-48CD-A400-3B1DE2CAD5DE,2019-10-01,Tuesday,Jefferson Riverdale (LA),Marrero L.W. Higgins (LA),7,13,,,Ambiguous-NeedsLiveCheck,"2019-10-10 (Thu), 2019-10-11 (Fri), 2019-10-12 (Sat), 2019-10-17 (Thu), 2019-10-18 (Fri), 2019-10-19 (Sat)"
9F79A5FB-9738-4A0C-97A1-3A362F7C4145,2019-10-01,Tuesday,Metairie Haynes Academy (LA),Slidell Pope John Paul II (LA),7,7,,,Ambiguous-NeedsLiveCheck,"2019-10-10 (Thu), 2019-10-11 (Fri), 2019-10-12 (Sat), 2019-10-17 (Thu), 2019-10-18 (Fri), 2019-10-19 (Sat)"
55630C92-42EF-4043-9A91-394F721B7DEA,2019-10-01,Tuesday,Bunkie (LA),Winnfield (LA),27,20,,,Ambiguous-NeedsLiveCheck,"2019-10-10 (Thu), 2019-10-11 (Fri), 2019-10-12 (Sat), 2019-10-17 (Thu), 2019-10-18 (Fri), 2019-10-19 (Sat)"
3DB28974-083C-4844-8D71-35B650AF658F,2019-10-01,Tuesday,Columbia Caldwell Parish (LA),Jena (LA),26,21,,,Ambiguous-NeedsLiveCheck,"2019-10-10 (Thu), 2019-10-11 (Fri), 2019-10-12 (Sat), 2019-10-17 (Thu), 2019-10-18 (Fri), 2019-10-19 (Sat)"
25213399-BB7A-4113-B5D8-35906E204857,2019-10-01,Tuesday,Iowa (LA),Longville South Beauregard (LA),26,13,,,Ambiguous-NeedsLiveCheck,"2019-10-10 (Thu), 2019-10-11 (Fri), 2019-10-12 (Sat), 2019-10-17 (Thu), 2019-10-18 (Fri), 2019-10-19 (Sat)"
0716C3C3-1AC9-4EA6-AF45-33BEBFF67C38,2019-10-01,Tuesday,Alexandria Holy Savior Menard (LA),Coushatta Red River (LA),27,33,,,Ambiguous-NeedsLiveCheck,"2019-10-10 (Thu), 2019-10-11 (Fri), 2019-10-12 (Sat), 2019-10-17 (Thu), 2019-10-18 (Fri), 2019-10-19 (Sat)"
F04B5904-864C-491A-B3BE-2F480614E785,2019-10-01,Tuesday,Springhill North Webster (LA),Bossier City Bossier (LA),35,28,,,Ambiguous-NeedsLiveCheck,"2019-10-10 (Thu), 2019-10-11 (Fri), 2019-10-12 (Sat), 2019-10-17 (Thu), 2019-10-18 (Fri), 2019-10-19 (Sat)"
A4E6C415-72E9-4058-95F1-2EE815991D1B,2019-10-01,Tuesday,Ferriday (LA),Vidalia (LA),50,6,,,Ambiguous-NeedsLiveCheck,"2019-10-10 (Thu), 2019-10-11 (Fri), 2019-10-12 (Sat), 2019-10-17 (Thu), 2019-10-18 (Fri), 2019-10-19 (Sat)"
32DEFC5C-4D89-48CB-B37B-2D285ACF9745,2019-10-01,Tuesday,Breaux Bridge (LA),Thibodaux (LA),35,42,,,Ambiguous-NeedsLiveCheck,"2019-10-10 (Thu), 2019-10-11 (Fri), 2019-10-12 (Sat), 2019-10-17 (Thu), 2019-10-18 (Fri), 2019-10-19 (Sat)"
24F272B7-907E-4866-8D79-2A049CF91FE7,2019-10-01,Tuesday,Moreauville Avoyelles (LA),Port Barre (LA),32,38,,,Ambiguous-NeedsLiveCheck,"2019-10-10 (Thu), 2019-10-11 (Fri), 2019-10-12 (Sat), 2019-10-17 (Thu), 2019-10-18 (Fri), 2019-10-19 (Sat)"
23DBD6C0-E076-4104-9E40-269C1DEA7D3E,2019-10-01,Tuesday,Pineville (LA),Alexandria (LA),14,63,,,Ambiguous-NeedsLiveCheck,"2019-10-10 (Thu), 2019-10-11 (Fri), 2019-10-12 (Sat), 2019-10-17 (Thu), 2019-10-18 (Fri), 2019-10-19 (Sat)"
91099A3E-EE9E-42E3-9B98-263D041C3313,2019-10-01,Tuesday,DeRidder (LA),Leesville (LA),24,21,,,Ambiguous-NeedsLiveCheck,"2019-10-10 (Thu), 2019-10-11 (Fri), 2019-10-12 (Sat), 2019-10-17 (Thu), 2019-10-18 (Fri), 2019-10-19 (Sat)"
D0C786EF-DED5-47E0-9717-240C87296DFD,2019-10-01,Tuesday,Albany (LA),Bogalusa (LA),36,14,,,Ambiguous-NeedsLiveCheck,"2019-10-10 (Thu), 2019-10-11 (Fri), 2019-10-12 (Sat), 2019-10-17 (Thu), 2019-10-18 (Fri), 2019-10-19 (Sat)"
