Name,Game_Count,Suffix_Problem
Monticello,907,"expected the name to end in ' (XX)' (space, open paren, exactly two letters, close paren) -- got '...icello' instead"
Decatur,538,"expected the name to end in ' (XX)' (space, open paren, exactly two letters, close paren) -- got '...ecatur' instead"
Mount Vernon,506,"expected the name to end in ' (XX)' (space, open paren, exactly two letters, close paren) -- got '...Vernon' instead"
Medford,442,"expected the name to end in ' (XX)' (space, open paren, exactly two letters, close paren) -- got '...edford' instead"
Garfield,350,"expected the name to end in ' (XX)' (space, open paren, exactly two letters, close paren) -- got '...rfield' instead"
Sandusky,344,"expected the name to end in ' (XX)' (space, open paren, exactly two letters, close paren) -- got '...ndusky' instead"
Westhampton,100,"expected the name to end in ' (XX)' (space, open paren, exactly two letters, close paren) -- got '...ampton' instead"
Aquinas,77,"expected the name to end in ' (XX)' (space, open paren, exactly two letters, close paren) -- got '...quinas' instead"
Fargo North,75,"expected the name to end in ' (XX)' (space, open paren, exactly two letters, close paren) -- got '... North' instead"
Cawood,66,"expected the name to end in ' (XX)' (space, open paren, exactly two letters, close paren) -- got '...Cawood' instead"
Le Vieux-Longueuil École secondaire Jacques-Rousseau (QC,65,"expected the name to end in ' (XX)' (space, open paren, exactly two letters, close paren) -- got '...au (QC' instead"
Kingston,59,"expected the name to end in ' (XX)' (space, open paren, exactly two letters, close paren) -- got '...ngston' instead"
Hunter,55,"expected the name to end in ' (XX)' (space, open paren, exactly two letters, close paren) -- got '...Hunter' instead"
Bolivar,51,"expected the name to end in ' (XX)' (space, open paren, exactly two letters, close paren) -- got '...olivar' instead"
Rolling Prairie (In),45,"expected the name to end in ' (XX)' (space, open paren, exactly two letters, close paren) -- got '...e (In)' instead"
Jamestown (In),44,"expected the name to end in ' (XX)' (space, open paren, exactly two letters, close paren) -- got '...n (In)' instead"
Willoughby OH),42,"expected the name to end in ' (XX)' (space, open paren, exactly two letters, close paren) -- got '...by OH)' instead"
Cornwall-On-Hudson The Storm King School,39,"expected the name to end in ' (XX)' (space, open paren, exactly two letters, close paren) -- got '...School' instead"
Morris Aggies,38,"expected the name to end in ' (XX)' (space, open paren, exactly two letters, close paren) -- got '...Aggies' instead"
Detroit Eastern,36,"expected the name to end in ' (XX)' (space, open paren, exactly two letters, close paren) -- got '...astern' instead"
Wellsboro,28,"expected the name to end in ' (XX)' (space, open paren, exactly two letters, close paren) -- got '...lsboro' instead"
Plankinton Training Lincoln Loggers (SD),26,"expected the name to end in ' (XX)' (space, open paren, exactly two letters, close paren) -- got '...s (SD)' instead"
Yarbrough,23,"expected the name to end in ' (XX)' (space, open paren, exactly two letters, close paren) -- got '...brough' instead"
Portage County Deerfield (oh),22,"expected the name to end in ' (XX)' (space, open paren, exactly two letters, close paren) -- got '...d (oh)' instead"
Sherman Minnehaha County (SD,16,"expected the name to end in ' (XX)' (space, open paren, exactly two letters, close paren) -- got '...ty (SD' instead"
Kamrar Hamilton County IA),13,"expected the name to end in ' (XX)' (space, open paren, exactly two letters, close paren) -- got '...ty IA)' instead"
18,11,"expected the name to end in ' (XX)' (space, open paren, exactly two letters, close paren) -- got '...18' instead"
Crooksville,10,"expected the name to end in ' (XX)' (space, open paren, exactly two letters, close paren) -- got '...sville' instead"
Columbus) (Columbus Youthbuild (us),9,"expected the name to end in ' (XX)' (space, open paren, exactly two letters, close paren) -- got '...d (us)' instead"
Delta Sands (ia),7,"expected the name to end in ' (XX)' (space, open paren, exactly two letters, close paren) -- got '...s (ia)' instead"
Ashwood Lee County (SC,6,"expected the name to end in ' (XX)' (space, open paren, exactly two letters, close paren) -- got '...ty (SC' instead"
Lovington (NM(,5,"expected the name to end in ' (XX)' (space, open paren, exactly two letters, close paren) -- got '...n (NM(' instead"
Norwalk St. Paul's,5,"expected the name to end in ' (XX)' (space, open paren, exactly two letters, close paren) -- got '...Paul's' instead"
South Delta (ia),5,"expected the name to end in ' (XX)' (space, open paren, exactly two letters, close paren) -- got '...a (ia)' instead"
Grosse Point,5,"expected the name to end in ' (XX)' (space, open paren, exactly two letters, close paren) -- got '... Point' instead"
11,4,"expected the name to end in ' (XX)' (space, open paren, exactly two letters, close paren) -- got '...11' instead"
Fort Plain,4,"expected the name to end in ' (XX)' (space, open paren, exactly two letters, close paren) -- got '... Plain' instead"
Andover Day County (SD,4,"expected the name to end in ' (XX)' (space, open paren, exactly two letters, close paren) -- got '...ty (SD' instead"
Fox Point IWI),4,"expected the name to end in ' (XX)' (space, open paren, exactly two letters, close paren) -- got '...t IWI)' instead"
W Springfield,4,"expected the name to end in ' (XX)' (space, open paren, exactly two letters, close paren) -- got '...gfield' instead"
Pemberton (Bc),4,"expected the name to end in ' (XX)' (space, open paren, exactly two letters, close paren) -- got '...n (Bc)' instead"
2,3,"expected the name to end in ' (XX)' (space, open paren, exactly two letters, close paren) -- got '...2' instead"
Indianapolis Sacred Heart,3,"expected the name to end in ' (XX)' (space, open paren, exactly two letters, close paren) -- got '... Heart' instead"
Fond du Lac St. Mary Springs,3,"expected the name to end in ' (XX)' (space, open paren, exactly two letters, close paren) -- got '...prings' instead"
Fenton Sentral,3,"expected the name to end in ' (XX)' (space, open paren, exactly two letters, close paren) -- got '...entral' instead"
Winnipeg Oak Park (ba),2,"expected the name to end in ' (XX)' (space, open paren, exactly two letters, close paren) -- got '...k (ba)' instead"
Forest City Lincoln AR),2,"expected the name to end in ' (XX)' (space, open paren, exactly two letters, close paren) -- got '...ln AR)' instead"
Rock County,2,"expected the name to end in ' (XX)' (space, open paren, exactly two letters, close paren) -- got '...County' instead"
Polk City Polk County (IA ),2,"expected the name to end in ' (XX)' (space, open paren, exactly two letters, close paren) -- got '... (IA )' instead"
East Los Angeles,2,"expected the name to end in ' (XX)' (space, open paren, exactly two letters, close paren) -- got '...ngeles' instead"
Macksburg (IA,2,"expected the name to end in ' (XX)' (space, open paren, exactly two letters, close paren) -- got '...rg (IA' instead"
Memphis Southside (TN(,2,"expected the name to end in ' (XX)' (space, open paren, exactly two letters, close paren) -- got '...e (TN(' instead"
Newton B(IA),2,"expected the name to end in ' (XX)' (space, open paren, exactly two letters, close paren) -- got '... B(IA)' instead"
Queen,2,"expected the name to end in ' (XX)' (space, open paren, exactly two letters, close paren) -- got '...Queen' instead"
17,2,"expected the name to end in ' (XX)' (space, open paren, exactly two letters, close paren) -- got '...17' instead"
49,2,"expected the name to end in ' (XX)' (space, open paren, exactly two letters, close paren) -- got '...49' instead"
Billings,2,"expected the name to end in ' (XX)' (space, open paren, exactly two letters, close paren) -- got '...llings' instead"
Decatur Millikin University (IL),2,"expected the name to end in ' (XX)' (space, open paren, exactly two letters, close paren) -- got '...y (IL)' instead"
37,2,"expected the name to end in ' (XX)' (space, open paren, exactly two letters, close paren) -- got '...37' instead"
50,2,"expected the name to end in ' (XX)' (space, open paren, exactly two letters, close paren) -- got '...50' instead"
23,2,"expected the name to end in ' (XX)' (space, open paren, exactly two letters, close paren) -- got '...23' instead"
29,2,"expected the name to end in ' (XX)' (space, open paren, exactly two letters, close paren) -- got '...29' instead"
48,1,"expected the name to end in ' (XX)' (space, open paren, exactly two letters, close paren) -- got '...48' instead"
53,1,"expected the name to end in ' (XX)' (space, open paren, exactly two letters, close paren) -- got '...53' instead"
60,1,"expected the name to end in ' (XX)' (space, open paren, exactly two letters, close paren) -- got '...60' instead"
55,1,"expected the name to end in ' (XX)' (space, open paren, exactly two letters, close paren) -- got '...55' instead"
61,1,"expected the name to end in ' (XX)' (space, open paren, exactly two letters, close paren) -- got '...61' instead"
64,1,"expected the name to end in ' (XX)' (space, open paren, exactly two letters, close paren) -- got '...64' instead"
66,1,"expected the name to end in ' (XX)' (space, open paren, exactly two letters, close paren) -- got '...66' instead"
71,1,"expected the name to end in ' (XX)' (space, open paren, exactly two letters, close paren) -- got '...71' instead"
Denison University (OHO,1,"expected the name to end in ' (XX)' (space, open paren, exactly two letters, close paren) -- got '...y (OHO' instead"
Cortez (B CO),1,"expected the name to end in ' (XX)' (space, open paren, exactly two letters, close paren) -- got '...(B CO)' instead"
Brinkley Anderson )AR),1,"expected the name to end in ' (XX)' (space, open paren, exactly two letters, close paren) -- got '...n )AR)' instead"
Bristol Filton College (nd),1,"expected the name to end in ' (XX)' (space, open paren, exactly two letters, close paren) -- got '...e (nd)' instead"
Bisbee ( AZ),1,"expected the name to end in ' (XX)' (space, open paren, exactly two letters, close paren) -- got '... ( AZ)' instead"
44,1,"expected the name to end in ' (XX)' (space, open paren, exactly two letters, close paren) -- got '...44' instead"
51,1,"expected the name to end in ' (XX)' (space, open paren, exactly two letters, close paren) -- got '...51' instead"
43,1,"expected the name to end in ' (XX)' (space, open paren, exactly two letters, close paren) -- got '...43' instead"
52,1,"expected the name to end in ' (XX)' (space, open paren, exactly two letters, close paren) -- got '...52' instead"
Dothan Grand Ridge (Al),1,"expected the name to end in ' (XX)' (space, open paren, exactly two letters, close paren) -- got '...e (Al)' instead"
Fond du Lac  Springs,1,"expected the name to end in ' (XX)' (space, open paren, exactly two letters, close paren) -- got '...prings' instead"
"Methodist Orphanage (Raleigh, NC)",1,"expected the name to end in ' (XX)' (space, open paren, exactly two letters, close paren) -- got '...h, NC)' instead"
Luther College (IA),1,"expected the name to end in ' (XX)' (space, open paren, exactly two letters, close paren) -- got '...e (IA)' instead"
Elma Immaculate Conception,1,"expected the name to end in ' (XX)' (space, open paren, exactly two letters, close paren) -- got '...eption' instead"
DeWitt Central (lA),1,"expected the name to end in ' (XX)' (space, open paren, exactly two letters, close paren) -- got '...l (lA)' instead"
Fort Meade Meade County (SD,1,"expected the name to end in ' (XX)' (space, open paren, exactly two letters, close paren) -- got '...ty (SD' instead"
Mount Carroll  (L),1,"expected the name to end in ' (XX)' (space, open paren, exactly two letters, close paren) -- got '...l  (L)' instead"
"Mills Home (Thomasville, NC)",1,"expected the name to end in ' (XX)' (space, open paren, exactly two letters, close paren) -- got '...e, NC)' instead"
Medicine Bow (WY,1,"expected the name to end in ' (XX)' (space, open paren, exactly two letters, close paren) -- got '...ow (WY' instead"
Red Oak (lA),1,"expected the name to end in ' (XX)' (space, open paren, exactly two letters, close paren) -- got '...k (lA)' instead"
Normal State Normal (IL) B,1,"expected the name to end in ' (XX)' (space, open paren, exactly two letters, close paren) -- got '...(IL) B' instead"
Niagara University *NY),1,"expected the name to end in ' (XX)' (space, open paren, exactly two letters, close paren) -- got '...y *NY)' instead"
Press and Sun Bulletin Opp Syracuse,1,"expected the name to end in ' (XX)' (space, open paren, exactly two letters, close paren) -- got '...racuse' instead"
Planview Christian,1,"expected the name to end in ' (XX)' (space, open paren, exactly two letters, close paren) -- got '...istian' instead"
Saint Louis Northwest (MO.),1,"expected the name to end in ' (XX)' (space, open paren, exactly two letters, close paren) -- got '... (MO.)' instead"
Taft Junior College CA),1,"expected the name to end in ' (XX)' (space, open paren, exactly two letters, close paren) -- got '...ge CA)' instead"
Sinai Western Anderson County (KY,1,"expected the name to end in ' (XX)' (space, open paren, exactly two letters, close paren) -- got '...ty (KY' instead"
Sheridan Illinois Youth Center (IL) ,1,"expected the name to end in ' (XX)' (space, open paren, exactly two letters, close paren) -- got '... (IL) ' instead"
Saint Louis Trinity (ty),1,"expected the name to end in ' (XX)' (space, open paren, exactly two letters, close paren) -- got '...y (ty)' instead"
Sun Prairie (B WI),1,"expected the name to end in ' (XX)' (space, open paren, exactly two letters, close paren) -- got '...(B WI)' instead"
Waynesboro Wayne County ( MS),1,"expected the name to end in ' (XX)' (space, open paren, exactly two letters, close paren) -- got '... ( MS)' instead"
Valley Station Jefferson County (KY,1,"expected the name to end in ' (XX)' (space, open paren, exactly two letters, close paren) -- got '...ty (KY' instead"
