State,Alias_Name_2026_Scraped,Standardized_Name_2025_Existing,Similarity_Score,Recommendation,Note
AL,Semmes Mary G. Montgomery (AL),Semmes Montgomery (AL),0.829,NEEDS-REVIEW,
CA,Los Angeles Fremont (CA),Los Angeles John C. Fremont (CA),0.844,NEEDS-REVIEW,
IL,Orland Park Sandburg (IL),Orland Park Carl Sandburg (IL),0.889,NEEDS-REVIEW,
MO,Kirkwood Vianney (MO),Kirkwood St. John Vianney (MO),0.8,NEEDS-REVIEW,
MO,St. Charles Howell North (MO),Saint Charles Francis Howel North (MO),0.786,NEEDS-REVIEW,
AL,Albertville Marshall Christian (AL),Albertville Marshall Christian Academy (AL),0.882,SAFE-PROMOTE,
AL,Jemison Chilton Christian (AL),Jemison Chilton Christian Academy (AL),0.862,SAFE-PROMOTE,
AL,Foley Snook Christian (AL),Foley Snook Christian Academy (AL),0.84,SAFE-PROMOTE,
AL,Warrior Corner Yellow (AL),Warrior Corner (AL),0.8,SAFE-PROMOTE,
AL,Higdon North Sand (AL),Higdon North Sand Mountain (AL),0.791,SAFE-PROMOTE,
AL,Pinson East Central (AL),Pinson East Central HomeSchool (AL),0.776,SAFE-PROMOTE,
AR,North Little Rock Central Arkansas (AR),North Little Rock Central Arkansas Christian (AR),0.872,SAFE-PROMOTE,
AR,Bryant Arkansas Christian (AR),Bryant Arkansas Christian Academy (AR),0.862,SAFE-PROMOTE,
AR,Lepanto East Poinsett (AR),Lepanto East Poinsett County (AR),0.857,SAFE-PROMOTE,
AR,Dardanelle Sand (AR),Dardanelle (AR),0.8,SAFE-PROMOTE,
AR,Little Rock Mills University (AR),Little Rock Mills (AR),0.756,SAFE-PROMOTE,
AZ,Tucson Canyon Del (AZ),Tucson Canyon del Oro (AZ),0.895,SAFE-PROMOTE,
AZ,Chandler Skyline Gila (AZ),Chandler Skyline - Gila River (AZ),0.875,SAFE-PROMOTE,
AZ,Apache Junction Imagine Prep (AZ),Apache Junction Imagine Prep Superstition (AZ),0.812,SAFE-PROMOTE,
AZ,Yuma Harvest Prep (AZ),Yuma Harvest Prep Academy (AZ),0.81,SAFE-PROMOTE,
AZ,Scottsdale Preparatory (AZ),Scottsdale Prep Academy (AZ),0.8,SAFE-PROMOTE,
AZ,Phoenix Paradise Valley Christian Prep (AZ),Phoenix Paradise Valley (AZ),0.754,SAFE-PROMOTE,
CA,Los Angeles West Adams (CA),Los Angeles West Adams Prep (CA),0.898,SAFE-PROMOTE,
CA,Atherton Sacred Heart (CA),Atherton Sacred Heart Prep (CA),0.894,SAFE-PROMOTE,
CA,La Canada (CA),La Cañada (CA),0.889,SAFE-PROMOTE,
CA,Castroville North Monterey (CA),Castroville North Monterey County (CA),0.881,SAFE-PROMOTE,
CA,San Juan Capistrano Capistrano Valley (CA),San Juan Capistrano Capistrano Valley Christian (CA),0.881,SAFE-PROMOTE,
CA,Santa Maria Valley Christian (CA),Santa Maria Valley Christian Academy (CA),0.875,SAFE-PROMOTE,
CA,Folsom Vista Del (CA),Folsom Vista del Lago (CA),0.865,SAFE-PROMOTE,
CA,Canyon Country Santa Clarita (CA),Canyon Country Santa Clarita Christian (CA),0.848,SAFE-PROMOTE,
CA,Danville San Ramon (CA),Danville San Ramon Valley (CA),0.837,SAFE-PROMOTE,
CO,Colorado Springs The Classical (CO),Colorado Springs The Classical Academy (CO),0.882,SAFE-PROMOTE,
FL,Miami Immaculata La (FL),Miami Immaculata-Lasalle (FL),0.884,SAFE-PROMOTE,
FL,Valrico Foundation Christian (FL),Valrico Foundation Christian Academy (FL),0.875,SAFE-PROMOTE,
FL,Lake Worth Dr Joaquin (FL),Lake Worth Dr. Joaquin Garcia (FL),0.857,SAFE-PROMOTE,
FL,Fort Myers Southwest Florida (FL),Fort Myers Southwest Florida Christian (FL),0.848,SAFE-PROMOTE,
FL,Jacksonville First Coast Christian (FL),Jacksonville First Coast (FL),0.828,SAFE-PROMOTE,
FL,Hialeah Miami (FL),Hialeah-Miami Lakes (FL),0.812,SAFE-PROMOTE,
GA,Savannah Country (GA),Savannah Country Day (GA),0.889,SAFE-PROMOTE,
GA,Douglasville Harvester Christian (GA),Douglasville Harvester Christian Academy (GA),0.889,SAFE-PROMOTE,
GA,Macon Mount De Academy (GA),Macon Mount de Sales Academy (GA),0.88,SAFE-PROMOTE,
GA,Darien Mcintosh County (GA),Darien McIntosh County Academy (GA),0.846,SAFE-PROMOTE,
GA,Marietta Sprayberry Yellow (GA),Marietta Sprayberry (GA),0.844,SAFE-PROMOTE,
GA,Twin City Emanuel County (GA),Twin City Emanuel County Institute (GA),0.828,SAFE-PROMOTE,
GA,Bethlehem Christian (GA),Bethlehem Christian Academy (GA),0.826,SAFE-PROMOTE,
GA,Conyers Young Americans (GA),Conyers Young Americans Christian (GA),0.821,SAFE-PROMOTE,
GA,Mcdonough New Creation (GA),McDonough New Creation Christian (GA),0.815,SAFE-PROMOTE,
HI,Keaau Kamehameha Hawaii (HI),Kea'au Kamehameha (HI),0.8,SAFE-PROMOTE,
IA,Sioux City Bishop Heelan (IA),Sioux City Bishop Heelan Catholic (IA),0.842,SAFE-PROMOTE,
IA,North English English Valleys (IA),North English Valleys (IA),0.84,SAFE-PROMOTE,
IA,Waverly Shell (IA),Waverly-Shell Rock (IA),0.839,SAFE-PROMOTE,
IA,Lake View East Sac (IA),Lake View East Sac County (IA),0.837,SAFE-PROMOTE,
IA,Columbus Junction Columbus (IA),Columbus Junction (IA),0.791,SAFE-PROMOTE,
IL,Chicago Muchin College (IL),Chicago Muchin College Prep (IL),0.898,SAFE-PROMOTE,
IL,East Saint Louis (IL),East St. Louis (IL),0.897,SAFE-PROMOTE,
IL,Chicago Marine Leadership (IL),Chicago Marine Leadership Academy (IL),0.862,SAFE-PROMOTE,
IL,Sterling Newman Central (IL),Sterling Newman Central Catholic (IL),0.836,SAFE-PROMOTE,
IL,Chicago The Noble (IL),Chicago The Noble Academy (IL),0.81,SAFE-PROMOTE,
IL,Ottawa Marquette (IL),Ottawa Marquette Academy (IL),0.8,SAFE-PROMOTE,
IL,Chicago Westinghouse (IL),Chicago Westinghouse College Prep (IL),0.755,SAFE-PROMOTE,
IN,Indianapolis Phalen Leadership (IN),Indianapolis Phalen Leadership Academy (IN),0.882,SAFE-PROMOTE,
IN,Gary Calumet New (IN),Gary Calumet New Tech (IN),0.865,SAFE-PROMOTE,
IN,Indianapolis Cardinal (IN),Indianapolis Cardinal Ritter (IN),0.857,SAFE-PROMOTE,
IN,Edison Lake Station (IN),Edison Lake Station Edison (IN),0.844,SAFE-PROMOTE,
IN,Indianapolis Crispus (IN),Indianapolis Crispus Attucks (IN),0.833,SAFE-PROMOTE,
IN,Lafayette Central (IN),Lafayette Central Catholic (IN),0.791,SAFE-PROMOTE,
IN,Greencastle Tiger (IN),Greencastle (IN),0.786,SAFE-PROMOTE,
IN,Lizton Tri West (IN),Lizton Tri-West Hendricks (IN),0.75,SAFE-PROMOTE,
KS,Atchison Maur Hill (KS),Atchison Maur Hill Prep (KS),0.878,SAFE-PROMOTE,
KS,Shawnee Maranatha Christian (KS),Shawnee Maranatha Christian Academy (KS),0.871,SAFE-PROMOTE,
KS,Lenexa Christ Prep (KS),Lenexa Christ Prep Academy (KS),0.818,SAFE-PROMOTE,
KY,Pikeville Pike County (KY),Pikeville Pike County Central (KY),0.84,SAFE-PROMOTE,
KY,Elkton Todd County (KY),Elkton Todd County Central (KY),0.818,SAFE-PROMOTE,
LA,New Orleans Carver Collegiate (LA),New Orleans Carver Collegiate Academy (LA),0.879,SAFE-PROMOTE,
LA,Lafayette First Baptist (LA),Lafayette First Baptist Christian (LA),0.821,SAFE-PROMOTE,
LA,Hammond St. Thomas (LA),Hammond St. Thomas Aquinas (LA),0.81,SAFE-PROMOTE,
LA,Amite Oak Forest (LA),Amite Oak Forest Academy (LA),0.8,SAFE-PROMOTE,
LA,Bogalusa Bens Ford (LA),Bogalusa Ben's Ford Christian (LA),0.766,SAFE-PROMOTE,
MA,Springfield Putnam Vo (MA),Springfield Putnam Vo-Tech (MA),0.894,SAFE-PROMOTE,
MA,Northampton Smith Vo (MA),Northampton-Smith Vo-Tech (MA),0.889,SAFE-PROMOTE,
MA,South Yarmouth Dennis Yarmouth (MA),South Yarmouth Dennis-Yarmouth Regional (MA),0.87,SAFE-PROMOTE,
MA,Cambridge Rindge (MA),Cambridge Rindge Tech (MA),0.865,SAFE-PROMOTE,
MA,Oak Bluffs Marthas Vineyard (MA),Oak Bluffs Martha's Vineyard Regional (MA),0.844,SAFE-PROMOTE,
MA,Danvers St. Johns (MA),Danvers St. John's Prep (MA),0.842,SAFE-PROMOTE,
MA,Kingston Silver Lake (MA),Kingston Silver Lake Regional (MA),0.816,SAFE-PROMOTE,
MA,Wrentham King Philip (MA),Wrentham King Philip Regional (MA),0.816,SAFE-PROMOTE,
MA,Somerset Berkley (MA),Somerset Berkley Regional (MA),0.78,SAFE-PROMOTE,
MA,Peabody Veterans (MA),Peabody Veterans Memorial (MA),0.78,SAFE-PROMOTE,
MA,Whitman Hanson (MA),Whitman-Hanson Regional (MA),0.757,SAFE-PROMOTE,
MD,Lanham Mt. Zion Academy (MD),Lanham Mt. Zion Prep Academy (MD),0.898,SAFE-PROMOTE,
MD,Baltimore Green St. reet (MD),Baltimore Green Street Academy (MD),0.83,SAFE-PROMOTE,
MD,Havre De Grace Havre De (MD),Havre de Grace (MD),0.757,SAFE-PROMOTE,
MI,Scottville Mason County (MI),Scottville Mason County Central (MI),0.852,SAFE-PROMOTE,
MI,Pontiac Arts And (MI),Pontiac Arts & Tech (MI),0.788,SAFE-PROMOTE,
MN,Sherburn Martin County (MN),Sherburn Martin County West (MN),0.898,SAFE-PROMOTE,
MN,Minneapolis South (MN),Minneapolis Southwest (MN),0.895,SAFE-PROMOTE,
MN,Erskine Win E (MN),Erskine Win-E-Mac (MN),0.867,SAFE-PROMOTE,
MN,Saint Louis Park Benilde St. (MN),Saint Louis Park Benilde-St. Margaret's (MN),0.831,SAFE-PROMOTE,
MN,Saint James (MN),Saint James Area (MN),0.815,SAFE-PROMOTE,
MN,Stephen Argyle (MN),Stephen-Argyle Central (MN),0.778,SAFE-PROMOTE,
MN,New York Mills New York (MN),New York Mills (MN),0.757,SAFE-PROMOTE,
MO,Lees Summit Summit Christian (MO),Lee's Summit Summit Christian Academy (MO),0.862,SAFE-PROMOTE,
MO,Concordia St. Paul (MO),Concordia St. Paul Lutheran (MO),0.791,SAFE-PROMOTE,
MO,Gallatin Tri (MO),Gallatin-Tri-County (MO),0.774,SAFE-PROMOTE,
MO,El Dorado Springs El Dorado (MO),El Dorado Springs (MO),0.773,SAFE-PROMOTE,
MS,Columbus Victory Christian (MS),Columbus Victory Christian Academy (MS),0.867,SAFE-PROMOTE,
MS,Pelahatchie East Rankin (MS),Pelahatchie East Rankin Academy (MS),0.852,SAFE-PROMOTE,
MS,Raymond Central Hinds (MS),Raymond Central Hinds Academy (MS),0.84,SAFE-PROMOTE,
MS,Greenwood Delta St. reets (MS),Greenwood Delta Streets Academy (MS),0.836,SAFE-PROMOTE,
MS,Liberty Amite (MS),Liberty Amite County (MS),0.788,SAFE-PROMOTE,
MT,Sunburst North Toole (MT),Sunburst North Toole County (MT),0.851,SAFE-PROMOTE,
NC,Richlands Liberty Christian (NC),Richlands Liberty Christian Academy (NC),0.871,SAFE-PROMOTE,
NC,High Point Christian (NC),High Point Christian Academy (NC),0.833,SAFE-PROMOTE,
NC,Trenton Jones Senior (NC),Trenton Jones (NC),0.788,SAFE-PROMOTE,
ND,Buxton Hillsboro Central (ND),Buxton Hillsboro-Central Valley (ND),0.873,SAFE-PROMOTE,
ND,Fargo Shanley (ND),Fargo Shanley Oak (ND),0.867,SAFE-PROMOTE,
ND,Westhope Newburg (ND),Westhope-Newburg-Melita (ND),0.821,SAFE-PROMOTE,
ND,Bismarck St. Marys (ND),Bismarck St. Mary's Central (ND),0.791,SAFE-PROMOTE,
NE,Oneill St. Marys (NE),O'Neill Saint Mary's (NE),0.857,SAFE-PROMOTE,
NE,Tecumseh Johnson County (NE),Tecumseh Johnson County Central (NE),0.852,SAFE-PROMOTE,
NE,Chambers Wheeler (NE),Chambers-Wheeler Central (NE),0.8,SAFE-PROMOTE,
NH,Portsmouth Oyster (NH),Portsmouth-Oyster River (NH),0.85,SAFE-PROMOTE,
NJ,Richland St. Augustine (NJ),Richland St.Augustine Prep (NJ),0.894,SAFE-PROMOTE,
NJ,Jersey City St. Peters (NJ),Jersey City St. Peters Prep (NJ),0.894,SAFE-PROMOTE,
NJ,Mays Landing Atlantic County (NJ),Mays Landing Atlantic County Vo-Tech (NJ),0.875,SAFE-PROMOTE,
NJ,Edison Jp St. evens (NJ),Edison John P. Stevens (NJ),0.872,SAFE-PROMOTE,
NJ,Gloucester City Gloucester Catholic (NJ),Gloucester City Catholic (NJ),0.814,SAFE-PROMOTE,
NJ,Basking Ridge Ridge (NJ),Basking Ridge (NJ),0.812,SAFE-PROMOTE,
NJ,Edison St. Thomas (NJ),Edison St. Thomas Aquinas (NJ),0.8,SAFE-PROMOTE,
NJ,Holmdel St. John (NJ),Holmdel St. John-Vianney (NJ),0.789,SAFE-PROMOTE,
NJ,Keyport Hudson (NJ),Keyport-Hudson Regional (NJ),0.757,SAFE-PROMOTE,
NV,North Las Vegas Cheyenne Desert (NV),North Las Vegas Cheyenne (NV),0.873,SAFE-PROMOTE,
NV,Reno Coral Academy (NV),Reno Coral Academy of Science (NV),0.766,SAFE-PROMOTE,
NY,Staten Island Mckee Vo (NY),Staten Island McKee Vo-Tech (NY),0.898,SAFE-PROMOTE,
NY,Franklin Square Valley St. ream (NY),Franklin Square Valley Stream North (NY),0.892,SAFE-PROMOTE,
NY,Syracuse Christian Brothers (NY),Syracuse Christian Brothers Academy (NY),0.871,SAFE-PROMOTE,
NY,Binghamton Chenango Valley (NY),Binghamton Chenango Valley Central (NY),0.867,SAFE-PROMOTE,
NY,Albany Christian Brothers (NY),Albany Christian Brothers Academy (NY),0.862,SAFE-PROMOTE,
NY,Canajoharie Fort (NY),Canajoharie-Fort Plain (NY),0.842,SAFE-PROMOTE,
NY,Manlius Fayetteville Manlius (NY),Fayetteville-Manlius (NY),0.833,SAFE-PROMOTE,
NY,Ilion Central Valley (NY),Ilion Central Valley Academy (NY),0.833,SAFE-PROMOTE,
NY,Shoreham Wading (NY),Shoreham-Wading River (NY),0.833,SAFE-PROMOTE,
NY,Tarrytown Hackley (NY),Tarrytown Hackley School (NY),0.829,SAFE-PROMOTE,
NY,Bronx Mt. St. Academy (NY),Bronx Mt. St. Michael Academy (NY),0.826,SAFE-PROMOTE,
NY,Buffalo Hutchinson Central (NY),Buffalo Hutchinson Tech (NY),0.816,SAFE-PROMOTE,
NY,Baldwinsville (NY),Baldwinsville Baker (NY),0.812,SAFE-PROMOTE,
NY,Dover Plains Dover (NY),Dover Plains (NY),0.8,SAFE-PROMOTE,
NY,Poughkeepsie Our Lady (NY),Poughkeepsie Our Lady of Lourdes (NY),0.792,SAFE-PROMOTE,
NY,Buffalo Lewis J (NY),Buffalo Lewis J. Bennett (NY),0.789,SAFE-PROMOTE,
NY,Ogdensburg Free (NY),Ogdensburg Free Academy (NY),0.789,SAFE-PROMOTE,
NY,Geneseo Mount (NY),Geneseo-Mount Morris (NY),0.788,SAFE-PROMOTE,
NY,Upper Nyack Nyack (NY),Upper Nyack (NY),0.786,SAFE-PROMOTE,
NY,Staten Island St. Joseph (NY),Staten Island St. Joseph Hill Academy (NY),0.78,SAFE-PROMOTE,
NY,Newburgh Free (NY),Newburgh Free Academy (NY),0.765,SAFE-PROMOTE,
NY,Endicott Union Endicott (NY),Union-Endicott (NY),0.757,SAFE-PROMOTE,
NY,West Islip St. John (NY),West Islip St. John the Baptist (NY),0.75,SAFE-PROMOTE,
OH,Dayton Ponitz Career (OH),Dayton Ponitz Career Tech (OH),0.889,SAFE-PROMOTE,
OH,New Philadelphia Tuscarawas Central (OH),New Philadelphia Tuscarawas Central Catholic (OH),0.886,SAFE-PROMOTE,
OH,Cincinnati Shroder Paideia (OH),Cincinnati Shroder Paideia Academy (OH),0.867,SAFE-PROMOTE,
OH,Middletown Madison (OH),Middletown Madison Senior (OH),0.837,SAFE-PROMOTE,
OH,West Milton Milton Union (OH),West Milton-Union (OH),0.829,SAFE-PROMOTE,
OH,Columbus St. Francis (OH),Columbus St. Francis de Sales (OH),0.809,SAFE-PROMOTE,
OH,Toledo St. Johns (OH),Toledo St. John's Jesuit (OH),0.789,SAFE-PROMOTE,
OK,Oklahoma City Mount St. (OK),Oklahoma City Mount St. Mary (OK),0.898,SAFE-PROMOTE,
OK,Edmond Santa (OK),Edmond Santa Fe (OK),0.889,SAFE-PROMOTE,
OK,Edmond Oklahoma Christian (OK),Edmond Oklahoma Christian Academy (OK),0.862,SAFE-PROMOTE,
OK,Shawnee North Rock (OK),Shawnee North Rock Creek (OK),0.857,SAFE-PROMOTE,
OK,Mutual Sharon Mutual (OK),Mutual Sharon-Mutual-Taloga (OK),0.851,SAFE-PROMOTE,
OK,Tulsa Will Rogers (OK),Tulsa Will Rogers College (OK),0.81,SAFE-PROMOTE,
OK,Star-Spencer (OK),Spencer Star-Spencer (OK),0.75,SAFE-PROMOTE,
PA,Dingmans Ferry East St. roudsburg (PA),Dingmans Ferry East Stroudsburg North (PA),0.899,SAFE-PROMOTE,
PA,Wingate Bald Eagle (PA),Wingate Bald Eagle Area (PA),0.878,SAFE-PROMOTE,
PA,Newtown Square Delaware County (PA),Newtown Square Delaware County Christian (PA),0.857,SAFE-PROMOTE,
PA,Fairless Hills Conwell Egan (PA),Fairless Hills Conwell-Egan Catholic (PA),0.857,SAFE-PROMOTE,
PA,Bloomsburg Columbia Montour (PA),Bloomsburg ColumbiaMontour Vo-Tech (PA),0.852,SAFE-PROMOTE,
PA,Newtown Square Marple Newtown (PA),Newtown Square Marple (PA),0.84,SAFE-PROMOTE,
PA,Levittown Harry S (PA),Levittown Harry S. Truman (PA),0.829,SAFE-PROMOTE,
PA,Allentown Louis E (PA),Allentown Louis E. Dieruff (PA),0.81,SAFE-PROMOTE,
PA,Pottstown Owen J (PA),Pottstown Owen J. Roberts (PA),0.8,SAFE-PROMOTE,
PA,Carbondale Area (PA),Carbondale (PA),0.8,SAFE-PROMOTE,
PA,Upper Saint Clair Upper St. (PA),Upper Saint Clair (PA),0.791,SAFE-PROMOTE,
SC,Charleston First Baptist (SC),Charleston First Baptist School (SC),0.873,SAFE-PROMOTE,
SC,Conway Atlantic Collegiate (SC),Conway Atlantic Collegiate Academy (SC),0.867,SAFE-PROMOTE,
SC,Ridgeland Thomas Heyward (SC),Ridgeland Thomas Heyward Academy (SC),0.857,SAFE-PROMOTE,
SC,Estill Patrick Henry (SC),Estill Patrick Henry Academy (SC),0.833,SAFE-PROMOTE,
SC,Camden Military (SC),Camden Military Academy (SC),0.789,SAFE-PROMOTE,
SC,Mullins Pee Dee (SC),Mullins Pee Dee Academy (SC),0.789,SAFE-PROMOTE,
SC,Columbia Irmo Yellow (SC),Columbia Irmo (SC),0.788,SAFE-PROMOTE,
SC,Branchville Yellow (SC),Branchville (SC),0.759,SAFE-PROMOTE,
SD,Dell Rapids-Saint Mary (SD),Dell Rapids St. Mary's (SD),0.884,SAFE-PROMOTE,
SD,Woonsocket Wessington (SD),Woonsocket-Wessington Springs (SD),0.84,SAFE-PROMOTE,
SD,Miller Sunshine Bible (SD),Miller Sunshine Bible Academy (SD),0.84,SAFE-PROMOTE,
SD,Kimball White (SD),Kimball-White Lake (SD),0.839,SAFE-PROMOTE,
SD,Watertown Great Plains (SD),Watertown Great Plains Lutheran (SD),0.83,SAFE-PROMOTE,
SD,Menno Scotland Menno (SD),Menno-Scotland (SD),0.824,SAFE-PROMOTE,
SD,Waverly South (SD),Waverly-South Shore (SD),0.812,SAFE-PROMOTE,
TN,White House Christian Community (TN),White House Christian Community School (TN),0.899,SAFE-PROMOTE,
TN,Nashville Donelson Christian (TN),Nashville Donelson Christian Academy (TN),0.875,SAFE-PROMOTE,
TN,Cordova First Assembly (TN),Cordova First Assembly Christian (TN),0.815,SAFE-PROMOTE,
TN,Blountville Tri Cities (TN),Blountville Tri-Cities Christian (TN),0.815,SAFE-PROMOTE,
TX,Fort Worth Southwest Christian (TX),Fort Worth Southwest Christian School (TX),0.896,SAFE-PROMOTE,
TX,Corpus Christi Annapolis Christian (TX),Corpus Christi Annapolis Christian Academy (TX),0.895,SAFE-PROMOTE,
TX,Waco Methodist Childrens (TX),Waco Methodist Children's Home (TX),0.889,SAFE-PROMOTE,
TX,Cedar Hill Newman International (TX),Cedar Hill Newman International Academy (TX),0.886,SAFE-PROMOTE,
TX,Mckinney Cornerstone Christian (TX),McKinney Cornerstone Christian Academy (TX),0.882,SAFE-PROMOTE,
TX,Arlington Newman International (TX),Arlington Newman International Academy (TX),0.882,SAFE-PROMOTE,
TX,Corpus Christi Incarnate Word (TX),Corpus Christi Incarnate Word Academy (TX),0.879,SAFE-PROMOTE,
TX,Lewisville Founders Classical (TX),Lewisville Founders Classical Academy (TX),0.879,SAFE-PROMOTE,
TX,San Antonio Compass Rose (TX),San Antonio Compass Rose Legacy (TX),0.873,SAFE-PROMOTE,
TX,Kingsville Santa Gertrudis (TX),Kingsville Santa Gertrudis Academy (TX),0.867,SAFE-PROMOTE,
TX,Crowley Nazarene Christian (TX),Crowley Nazarene Christian Academy (TX),0.867,SAFE-PROMOTE,
TX,Harlingen Marine Military (TX),Harlingen Marine Military Academy (TX),0.862,SAFE-PROMOTE,
TX,Decatur Victory Christian (TX),Decatur Victory Christian Academy (TX),0.862,SAFE-PROMOTE,
TX,Arlington St. Pauls (TX),Arlington St. Paul's Prep (TX),0.857,SAFE-PROMOTE,
TX,Keller Harvest Christian (TX),Keller Harvest Christian Academy (TX),0.857,SAFE-PROMOTE,
TX,Dallas Ume Preparatory (TX),Dallas UME Preparatory Academy (TX),0.846,SAFE-PROMOTE,
TX,Austin Northeast Early (TX),Austin Northeast Early College (TX),0.846,SAFE-PROMOTE,
TX,Dallas Gateway Charter (TX),Dallas Gateway Charter Academy (TX),0.846,SAFE-PROMOTE,
TX,El Paso Americas Trail (TX),El Paso Americas (TX),0.842,SAFE-PROMOTE,
TX,El Paso Jefferson Silver (TX),El Paso Jefferson (TX),0.829,SAFE-PROMOTE,
TX,San Antonio John F (TX),San Antonio John F. Kennedy (TX),0.818,SAFE-PROMOTE,
TX,Pasadena First Baptist (TX),Pasadena First Baptist Christian (TX),0.815,SAFE-PROMOTE,
TX,Fort Worth Polytechnic (TX),Fort Worth Poly (TX),0.811,SAFE-PROMOTE,
TX,Plano Coram Deo (TX),Plano Coram Deo Academy (TX),0.789,SAFE-PROMOTE,
TX,Sugar Land Harmony School (TX),Sugar Land Harmony School of Innovation (TX),0.781,SAFE-PROMOTE,
TX,Mount Calm Mount (TX),Mount Calm (TX),0.769,SAFE-PROMOTE,
TX,Dallas A Plus (TX),Dallas A Plus Academy (TX),0.765,SAFE-PROMOTE,
TX,Austin St. St. ephens (TX),Austin St. Stephen's Episcopal (TX),0.75,SAFE-PROMOTE,
TX,Sherman Grayson (TX),Sherman Grayson Christian (TX),0.75,SAFE-PROMOTE,
UT,Spanish Fork American Leadership (UT),Spanish Fork American Leadership Academy (UT),0.889,SAFE-PROMOTE,
UT,Salt Lake City Judge Memorial (UT),Salt Lake City Judge Memorial Catholic (UT),0.866,SAFE-PROMOTE,
UT,Fillmore Millard (UT),Fillmore Millard County (UT),0.821,SAFE-PROMOTE,
UT,Draper Juan Diego (UT),Draper Juan Diego Catholic (UT),0.791,SAFE-PROMOTE,
UT,Cedar City Cedar (UT),Cedar City (UT),0.769,SAFE-PROMOTE,
VA,Washington Rappahannock (VA),Washington Rappahannock County (VA),0.868,SAFE-PROMOTE,
WI,Milwaukee St. Thomas (WI),Milwaukee St. Thomas More (WI),0.884,SAFE-PROMOTE,
WI,Chippewa Falls McDonell Central (WI),Chippewa Falls McDonell Central Catholic (WI),0.873,SAFE-PROMOTE,
WI,Viola Kickapoo La (WI),Viola Kickapoo-La Farge (WI),0.85,SAFE-PROMOTE,
WI,Hartland Lake Country (WI),Hartland Lake Country Lutheran (WI),0.824,SAFE-PROMOTE,
WI,Madison Vel Phillips (WI),Madison Vel Phillips Memorial (WI),0.816,SAFE-PROMOTE,
WI,Spencer Columbus (WI),Spencer-Columbus Catholic (WI),0.78,SAFE-PROMOTE,
AL,Tuscaloosa North River (AL),Tuscaloosa Northridge (AL),0.884,SKIP-FALSE-POSITIVE,Already flagged in original review pass - 'Northridge' vs 'North River' isn't an obvious drift pattern; verify before merging.
AL,Lineville Central Of (AL),Hayneville Central (AL),0.789,SKIP-FALSE-POSITIVE,Different towns (Lineville vs Hayneville) - false positive on the word 'Central'.
AL,Huntsville St. John (AL),Huntsville Mae Jemison (AL),0.75,SKIP-FALSE-POSITIVE,'St. John' and 'Mae Jemison' are unrelated proper nouns sharing only 'Huntsville'.
CA,San Jose Lynbrook (CA),San Jose Hillbrook (CA),0.857,SKIP-FALSE-POSITIVE,Lynbrook HS and Hillbrook are two distinct real San Jose schools - false positive on rhyme.
CA,San Francisco Burton (CA),San Francisco Balboa (CA),0.8,SKIP-FALSE-POSITIVE,Burton and Balboa are two distinct real SF high schools - false positive.
CO,Westminster The Academy (CO),Westminster Flatirons Academy (CO),0.808,SKIP-FALSE-POSITIVE,'The Academy' vs 'Flatirons Academy' - unclear if same school or a rename; verify before merging.
FL,Jacksonville St. anton (FL),Jacksonville Paxon (FL),0.821,SKIP-FALSE-POSITIVE,Garbled fragment doesn't actually resemble 'Paxon' - looks like the fuzzy matcher picked the wrong candidate. Needs a manual look at what team this really is.
MO,Saint Louis MICDS (MO),Saint Louis Chaminade (MO),0.789,SKIP-FALSE-POSITIVE,MICDS and Chaminade are two distinct well-known STL private schools - false positive.
NY,Hastings On Hudson Hastings Yellow (NY),Hastings-on-Hudson Dobbs-Hastings (NY),0.806,SKIP-FALSE-POSITIVE,"'Dobbs-Hastings' looks like a merged co-op name, not a simple drift of this alias - verify before merging."
OH,Cleveland John F (OH),Cleveland John Hay (OH),0.882,SKIP-FALSE-POSITIVE,"Likely 'John F[itzgerald Kennedy]' (a real, separate Cleveland school from 'John Hay') - false positive, verify which JFK/John Hay this actually is."
OK,Tulsa Noah (OK),Tulsa Union (OK),0.762,SKIP-FALSE-POSITIVE,"'Noah' vs 'Union' share no real root - looks like a coincidental fuzzy-match, not a name-drift pair."
PA,Coraopolis Our Lady (PA),Coraopolis Cornell (PA),0.757,SKIP-FALSE-POSITIVE,'Our Lady' (Catholic school) and 'Cornell' (public school district) are two different real Coraopolis schools.
TX,San Antonio The Christian (TX),San Antonio The Winston (TX),0.833,SKIP-FALSE-POSITIVE,'The Christian' and 'The Winston' are two different named schools sharing only the word 'The'.
TX,Austin Crusaders HomeSchool (TX),Austin Royals HomeSchool (TX),0.824,SKIP-FALSE-POSITIVE,Crusaders vs Royals are almost certainly different homeschool co-ops sharing only the template wording.
TX,Houston Math (TX),Houston Lamar (TX),0.8,SKIP-FALSE-POSITIVE,"'Math' looks like a magnet-program qualifier, not clearly the same roster as Lamar HS. Verify before merging."
TX,Midland Legacy (TX),Midland Lee (TX),0.8,SKIP-FALSE-POSITIVE,"Confirmed genuine rename (Midland Lee->Legacy) per user - needs date-scoped handling, not a blind alias merge. Already documented."
TX,Midland Texas (TX),Midland Lee (TX),0.75,SKIP-FALSE-POSITIVE,"Same Midland Lee/Legacy rename cluster - do not blind-merge, needs the date-scoped treatment."
