State,Alias_Name_2026_Scraped,Standardized_Name_2025_Existing,Similarity_Score,Review_Status
AL,Mobile Mcgill Toolen (AL),Mobile McGill-Toolen (AL),1.0,auto-safe
AL,Tuscaloosa North River (AL),Tuscaloosa Northridge (AL),0.884,REVIEW-NEEDED
AL,Albertville Marshall Christian (AL),Albertville Marshall Christian Academy (AL),0.882,REVIEW-NEEDED
AL,Jemison Chilton Christian (AL),Jemison Chilton Christian Academy (AL),0.862,REVIEW-NEEDED
AL,Foley Snook Christian (AL),Foley Snook Christian Academy (AL),0.84,REVIEW-NEEDED
AL,Semmes Mary G. Montgomery (AL),Semmes Montgomery (AL),0.829,REVIEW-NEEDED
AL,Warrior Corner Yellow (AL),Warrior Corner (AL),0.8,REVIEW-NEEDED
AL,Higdon North Sand (AL),Higdon North Sand Mountain (AL),0.791,REVIEW-NEEDED
AL,Lineville Central Of (AL),Hayneville Central (AL),0.789,REVIEW-NEEDED
AL,Pinson East Central (AL),Pinson East Central HomeSchool (AL),0.776,REVIEW-NEEDED
AL,Huntsville St. John (AL),Huntsville Mae Jemison (AL),0.75,REVIEW-NEEDED
AR,Springdale Har Ber (AR),Springdale Har-Ber (AR),1.0,auto-safe
AR,Hot Springs National Park Cutter Morning (AR),Hot Springs National Park Cutter-Morning Star (AR),0.941,auto-safe
AR,Des Arc (AR),DesArc (AR),0.923,auto-safe
AR,Paragould Greene County (AR),Paragould Greene County Tech (AR),0.902,auto-safe
AR,North Little Rock Central Arkansas (AR),North Little Rock Central Arkansas Christian (AR),0.872,REVIEW-NEEDED
AR,Bryant Arkansas Christian (AR),Bryant Arkansas Christian Academy (AR),0.862,REVIEW-NEEDED
AR,Lepanto East Poinsett (AR),Lepanto East Poinsett County (AR),0.857,REVIEW-NEEDED
AR,Dardanelle Sand (AR),Dardanelle (AR),0.8,REVIEW-NEEDED
AR,Little Rock Mills University (AR),Little Rock Mills (AR),0.756,REVIEW-NEEDED
AZ,Tucson Rincon University (AZ),Tucson Rincon-University (AZ),1.0,auto-safe
AZ,Casa Grande Mission Heights (AZ),Casa Grande Mission Heights Prep (AZ),0.915,auto-safe
AZ,Phoenix Madison Highland (AZ),Phoenix Madison Highland Prep (AZ),0.906,auto-safe
AZ,Tucson Canyon Del (AZ),Tucson Canyon del Oro (AZ),0.895,REVIEW-NEEDED
AZ,Chandler Skyline Gila (AZ),Chandler Skyline - Gila River (AZ),0.875,REVIEW-NEEDED
AZ,Apache Junction Imagine Prep (AZ),Apache Junction Imagine Prep Superstition (AZ),0.812,REVIEW-NEEDED
AZ,Yuma Harvest Prep (AZ),Yuma Harvest Prep Academy (AZ),0.81,REVIEW-NEEDED
AZ,Scottsdale Preparatory (AZ),Scottsdale Prep Academy (AZ),0.8,REVIEW-NEEDED
AZ,Phoenix Paradise Valley Christian Prep (AZ),Phoenix Paradise Valley (AZ),0.754,REVIEW-NEEDED
CA,Studio City Harvard Westlake (CA),Studio City Harvard-Westlake (CA),1.0,auto-safe
CA,Los Angeles King Drew (CA),Los Angeles King-Drew (CA),1.0,auto-safe
CA,Mountain View Saint Francis (CA),Mountain View St.Francis (CA),0.941,auto-safe
CA,San Luis Obispo Mission College (CA),San Luis Obispo Mission College Prep (CA),0.925,auto-safe
CA,Los Angeles George Washington (CA),Los Angeles George Washington Prep (CA),0.921,auto-safe
CA,Woodland Hills El Camino (CA),Woodland Hills El Camino Real (CA),0.906,auto-safe
CA,Los Angeles West Adams (CA),Los Angeles West Adams Prep (CA),0.898,REVIEW-NEEDED
CA,Atherton Sacred Heart (CA),Atherton Sacred Heart Prep (CA),0.894,REVIEW-NEEDED
CA,La Canada (CA),La Cañada (CA),0.889,REVIEW-NEEDED
CA,Castroville North Monterey (CA),Castroville North Monterey County (CA),0.881,REVIEW-NEEDED
CA,San Juan Capistrano Capistrano Valley (CA),San Juan Capistrano Capistrano Valley Christian (CA),0.881,REVIEW-NEEDED
CA,Santa Maria Valley Christian (CA),Santa Maria Valley Christian Academy (CA),0.875,REVIEW-NEEDED
CA,Folsom Vista Del (CA),Folsom Vista del Lago (CA),0.865,REVIEW-NEEDED
CA,San Jose Lynbrook (CA),San Jose Hillbrook (CA),0.857,REVIEW-NEEDED
CA,Canyon Country Santa Clarita (CA),Canyon Country Santa Clarita Christian (CA),0.848,REVIEW-NEEDED
CA,Los Angeles Fremont (CA),Los Angeles John C. Fremont (CA),0.844,REVIEW-NEEDED
CA,Danville San Ramon (CA),Danville San Ramon Valley (CA),0.837,REVIEW-NEEDED
CA,San Francisco Burton (CA),San Francisco Balboa (CA),0.8,REVIEW-NEEDED
CO,Colorado Springs The Classical (CO),Colorado Springs The Classical Academy (CO),0.882,REVIEW-NEEDED
CO,Westminster The Academy (CO),Westminster Flatirons Academy (CO),0.808,REVIEW-NEEDED
CT,Higganum Haddam Killingworth (CT),Higganum Haddam-Killingworth (CT),1.0,auto-safe
CT,Griswold Wheeler (CT),Griswold-Wheeler (CT),1.0,auto-safe
FL,Miami Dr Krop (FL),Miami Dr. Krop (FL),1.0,auto-safe
FL,Gainesville Saint Francis Catholic (FL),Gainesville St.Francis Catholic (FL),0.954,auto-safe
FL,Saint Petersburg Shorecrest Prep (FL),St. Petersburg Shorecrest Prep (FL),0.951,auto-safe
FL,Port Saint Lucie Tradition Prep (FL),Port St. Lucie Tradition Prep (FL),0.949,auto-safe
FL,Port Saint Lucie Treasure Coast (FL),Port St. Lucie Treasure Coast (FL),0.949,auto-safe
FL,Miami Immaculata La (FL),Miami Immaculata-Lasalle (FL),0.884,REVIEW-NEEDED
FL,Valrico Foundation Christian (FL),Valrico Foundation Christian Academy (FL),0.875,REVIEW-NEEDED
FL,Lake Worth Dr Joaquin (FL),Lake Worth Dr. Joaquin Garcia (FL),0.857,REVIEW-NEEDED
FL,Fort Myers Southwest Florida (FL),Fort Myers Southwest Florida Christian (FL),0.848,REVIEW-NEEDED
FL,Jacksonville First Coast Christian (FL),Jacksonville First Coast (FL),0.828,REVIEW-NEEDED
FL,Jacksonville St. anton (FL),Jacksonville Paxon (FL),0.821,REVIEW-NEEDED
FL,Hialeah Miami (FL),Hialeah-Miami Lakes (FL),0.812,REVIEW-NEEDED
GA,Cuthbert Randolph Clay (GA),Cuthbert Randolph-Clay (GA),1.0,auto-safe
GA,Jonesboro Mundys Mill (GA),Jonesboro Mundy's Mill (GA),0.977,auto-safe
GA,Savannah St. Andrews (GA),Savannah St. Andrew's (GA),0.974,auto-safe
GA,Lithonia Ml King (GA),Lithonia M.L. King (GA),0.97,auto-safe
GA,Savannah Country (GA),Savannah Country Day (GA),0.889,REVIEW-NEEDED
GA,Douglasville Harvester Christian (GA),Douglasville Harvester Christian Academy (GA),0.889,REVIEW-NEEDED
GA,Macon Mount De Academy (GA),Macon Mount de Sales Academy (GA),0.88,REVIEW-NEEDED
GA,Darien Mcintosh County (GA),Darien McIntosh County Academy (GA),0.846,REVIEW-NEEDED
GA,Marietta Sprayberry Yellow (GA),Marietta Sprayberry (GA),0.844,REVIEW-NEEDED
GA,Twin City Emanuel County (GA),Twin City Emanuel County Institute (GA),0.828,REVIEW-NEEDED
GA,Bethlehem Christian (GA),Bethlehem Christian Academy (GA),0.826,REVIEW-NEEDED
GA,Conyers Young Americans (GA),Conyers Young Americans Christian (GA),0.821,REVIEW-NEEDED
GA,Mcdonough New Creation (GA),McDonough New Creation Christian (GA),0.815,REVIEW-NEEDED
HI,Keaau Kamehameha Hawaii (HI),Kea'au Kamehameha (HI),0.8,REVIEW-NEEDED
IA,Neola Tri Center (IA),Neola Tri-Center (IA),1.0,auto-safe
IA,Melcher Dallas (IA),Melcher-Dallas (IA),1.0,auto-safe
IA,Wellman Mid Prairie (IA),Wellman Mid-Prairie (IA),1.0,auto-safe
IA,Alta Aurelia (IA),Alta-Aurelia (IA),1.0,auto-safe
IA,Rock Valley Boyden Hull (IA),Rock Valley-Boyden Hull (IA),1.0,auto-safe
IA,Newell Fonda (IA),Newell-Fonda (IA),1.0,auto-safe
IA,Hartley Melvin (IA),Hartley-Melvin (IA),1.0,auto-safe
IA,Kingsley Pierson (IA),Kingsley-Pierson (IA),1.0,auto-safe
IA,Marion Linn Mar (IA),Marion Linn-Mar (IA),1.0,auto-safe
IA,Eddyville Blakesburg (IA),Eddyville-Blakesburg (IA),1.0,auto-safe
IA,Akron Westfield (IA),Akron-Westfield (IA),1.0,auto-safe
IA,Manson Northwest Webster (IA),Manson-Northwest Webster (IA),1.0,auto-safe
IA,Gilbertville Don Bosco (IA),Gilbertville-Don Bosco (IA),1.0,auto-safe
IA,Vinton Shellsburg (IA),Vinton-Shellsburg (IA),1.0,auto-safe
IA,Colfax Mingo (IA),Colfax-Mingo (IA),1.0,auto-safe
IA,Letts Louisa Muscatine (IA),Letts Louisa-Muscatine (IA),1.0,auto-safe
IA,Northwood Kensett (IA),Northwood-Kensett (IA),1.0,auto-safe
IA,Paullina South Obrien (IA),Paullina South O'Brien (IA),0.977,auto-safe
IA,Urbandale J (IA),Urbandale JV (IA),0.957,auto-safe
IA,Council Bluffs Saint Albert (IA),Council Bluffs St. Albert (IA),0.941,auto-safe
IA,Sioux City Bishop Heelan (IA),Sioux City Bishop Heelan Catholic (IA),0.842,REVIEW-NEEDED
IA,North English English Valleys (IA),North English Valleys (IA),0.84,REVIEW-NEEDED
IA,Waverly Shell (IA),Waverly-Shell Rock (IA),0.839,REVIEW-NEEDED
IA,Lake View East Sac (IA),Lake View East Sac County (IA),0.837,REVIEW-NEEDED
IA,Columbus Junction Columbus (IA),Columbus Junction (IA),0.791,REVIEW-NEEDED
IL,New Lenox Lincoln Way West (IL),New Lenox Lincoln-Way West (IL),1.0,auto-safe
IL,New Lenox Lincoln Way Central (IL),New Lenox Lincoln-Way Central (IL),1.0,auto-safe
IL,Flanagan Woodland (IL),Flanagan-Woodland (IL),1.0,auto-safe
IL,Braidwood Reed Custer (IL),Braidwood Reed-Custer (IL),1.0,auto-safe
IL,Hardin Calhoun Brussels (IL),Hardin Calhoun-Brussels (IL),1.0,auto-safe
IL,Lansing Thornton Fractional (IL),Lansing Thornton Fractional South (IL),0.9,auto-safe
IL,Chicago Muchin College (IL),Chicago Muchin College Prep (IL),0.898,REVIEW-NEEDED
IL,East Saint Louis (IL),East St. Louis (IL),0.897,REVIEW-NEEDED
IL,Orland Park Sandburg (IL),Orland Park Carl Sandburg (IL),0.889,REVIEW-NEEDED
IL,Chicago Marine Leadership (IL),Chicago Marine Leadership Academy (IL),0.862,REVIEW-NEEDED
IL,Sterling Newman Central (IL),Sterling Newman Central Catholic (IL),0.836,REVIEW-NEEDED
IL,Chicago The Noble (IL),Chicago The Noble Academy (IL),0.81,REVIEW-NEEDED
IL,Ottawa Marquette (IL),Ottawa Marquette Academy (IL),0.8,REVIEW-NEEDED
IL,Chicago Westinghouse (IL),Chicago Westinghouse College Prep (IL),0.755,REVIEW-NEEDED
IN,Greenfield Central (IN),Greenfield-Central (IN),1.0,auto-safe
IN,Sharpsville Tri Central (IN),Sharpsville Tri-Central (IN),1.0,auto-safe
IN,Wolcott Tri County (IN),Wolcott Tri-County (IN),1.0,auto-safe
IN,Fairmount Madison Grant (IN),Fairmount Madison-Grant (IN),1.0,auto-safe
IN,Gaston Wes Del (IN),Gaston Wes-Del (IN),1.0,auto-safe
IN,South Bend Ridey (IN),South Bend Riley (IN),0.938,auto-safe
IN,Indianapolis Phalen Leadership (IN),Indianapolis Phalen Leadership Academy (IN),0.882,REVIEW-NEEDED
IN,Gary Calumet New (IN),Gary Calumet New Tech (IN),0.865,REVIEW-NEEDED
IN,Indianapolis Cardinal (IN),Indianapolis Cardinal Ritter (IN),0.857,REVIEW-NEEDED
IN,Edison Lake Station (IN),Edison Lake Station Edison (IN),0.844,REVIEW-NEEDED
IN,Indianapolis Crispus (IN),Indianapolis Crispus Attucks (IN),0.833,REVIEW-NEEDED
IN,Lafayette Central (IN),Lafayette Central Catholic (IN),0.791,REVIEW-NEEDED
IN,Greencastle Tiger (IN),Greencastle (IN),0.786,REVIEW-NEEDED
IN,Lizton Tri West (IN),Lizton Tri-West Hendricks (IN),0.75,REVIEW-NEEDED
KS,Sylvan Grove Sylvan Lucas (KS),Sylvan Grove Sylvan-Lucas (KS),1.0,auto-safe
KS,Saint Marys Academy (KS),Saint Mary's Academy (KS),0.974,auto-safe
KS,Atchison Maur Hill (KS),Atchison Maur Hill Prep (KS),0.878,REVIEW-NEEDED
KS,Shawnee Maranatha Christian (KS),Shawnee Maranatha Christian Academy (KS),0.871,REVIEW-NEEDED
KS,Lenexa Christ Prep (KS),Lenexa Christ Prep Academy (KS),0.818,REVIEW-NEEDED
KY,Louisville Kentucky Country (KY),Louisville Kentucky Country Day (KY),0.931,auto-safe
KY,Louisville Pleasure Ridge (KY),Louisville Pleasure Ridge Park (KY),0.909,auto-safe
KY,Pikeville Pike County (KY),Pikeville Pike County Central (KY),0.84,REVIEW-NEEDED
KY,Elkton Todd County (KY),Elkton Todd County Central (KY),0.818,REVIEW-NEEDED
LA,Saint Joseph Tensas Academy (LA),St. Joseph Tensas Academy (LA),0.941,auto-safe
LA,Baton Rouge Woodlawn Br (LA),Baton Rouge Woodlawn (LA),0.93,auto-safe
LA,Baton Rouge Mentorship Academy (LA),Baton Rouge Helix Mentorship Academy (LA),0.909,auto-safe
LA,New Orleans Carver Collegiate (LA),New Orleans Carver Collegiate Academy (LA),0.879,REVIEW-NEEDED
LA,Lafayette First Baptist (LA),Lafayette First Baptist Christian (LA),0.821,REVIEW-NEEDED
LA,Hammond St. Thomas (LA),Hammond St. Thomas Aquinas (LA),0.81,REVIEW-NEEDED
LA,Amite Oak Forest (LA),Amite Oak Forest Academy (LA),0.8,REVIEW-NEEDED
LA,Bogalusa Bens Ford (LA),Bogalusa Ben's Ford Christian (LA),0.766,REVIEW-NEEDED
MA,Blackstone Millville (MA),Blackstone-Millville (MA),1.0,auto-safe
MA,Dorchester Tech Boston Academy (MA),Dorchester Tech-Boston Academy (MA),1.0,auto-safe
MA,Wakefield Northeast Metro (MA),Wakefield Northeast Metro RVT (MA),0.926,auto-safe
MA,Turners Falls Franklin County (MA),Turners Falls Franklin County Tech (MA),0.921,auto-safe
MA,Tyngsborough Greater Lowell (MA),Tyngsborough Greater Lowell Tech (MA),0.915,auto-safe
MA,Springfield Putnam Vo (MA),Springfield Putnam Vo-Tech (MA),0.894,REVIEW-NEEDED
MA,Northampton Smith Vo (MA),Northampton-Smith Vo-Tech (MA),0.889,REVIEW-NEEDED
MA,South Yarmouth Dennis Yarmouth (MA),South Yarmouth Dennis-Yarmouth Regional (MA),0.87,REVIEW-NEEDED
MA,Cambridge Rindge (MA),Cambridge Rindge Tech (MA),0.865,REVIEW-NEEDED
MA,Oak Bluffs Marthas Vineyard (MA),Oak Bluffs Martha's Vineyard Regional (MA),0.844,REVIEW-NEEDED
MA,Danvers St. Johns (MA),Danvers St. John's Prep (MA),0.842,REVIEW-NEEDED
MA,Kingston Silver Lake (MA),Kingston Silver Lake Regional (MA),0.816,REVIEW-NEEDED
MA,Wrentham King Philip (MA),Wrentham King Philip Regional (MA),0.816,REVIEW-NEEDED
MA,Somerset Berkley (MA),Somerset Berkley Regional (MA),0.78,REVIEW-NEEDED
MA,Peabody Veterans (MA),Peabody Veterans Memorial (MA),0.78,REVIEW-NEEDED
MA,Whitman Hanson (MA),Whitman-Hanson Regional (MA),0.757,REVIEW-NEEDED
MD,Lanham Mt. Zion Academy (MD),Lanham Mt. Zion Prep Academy (MD),0.898,REVIEW-NEEDED
MD,Baltimore Green St. reet (MD),Baltimore Green Street Academy (MD),0.83,REVIEW-NEEDED
MD,Havre De Grace Havre De (MD),Havre de Grace (MD),0.757,REVIEW-NEEDED
MI,Scottville Mason County (MI),Scottville Mason County Central (MI),0.852,REVIEW-NEEDED
MI,Pontiac Arts And (MI),Pontiac Arts & Tech (MI),0.788,REVIEW-NEEDED
MN,Rushford Peterson (MN),Rushford-Peterson (MN),1.0,auto-safe
MN,Badger Greenbush (MN),Badger-Greenbush (MN),1.0,auto-safe
MN,Coleraine Greenway Nashwauk (MN),Coleraine Greenway-Nashwauk (MN),1.0,auto-safe
MN,Adrian Ellsworth (MN),Adrian-Ellsworth (MN),1.0,auto-safe
MN,Maplewood Hill Murray (MN),Maplewood Hill-Murray (MN),1.0,auto-safe
MN,Cambridge Isanti (MN),Cambridge-Isanti (MN),1.0,auto-safe
MN,Fertile Beltrami (MN),Fertile-Beltrami (MN),1.0,auto-safe
MN,Fridley Totino Grace (MN),Fridley Totino-Grace (MN),1.0,auto-safe
MN,Kerkhoven Murdock (MN),Kerkhoven-Murdock (MN),1.0,auto-safe
MN,Minneapolis DeLaSalle (MN),Minneapolis De La Salle (MN),0.955,auto-safe
MN,Sherburn Martin County (MN),Sherburn Martin County West (MN),0.898,REVIEW-NEEDED
MN,Minneapolis South (MN),Minneapolis Southwest (MN),0.895,REVIEW-NEEDED
MN,Erskine Win E (MN),Erskine Win-E-Mac (MN),0.867,REVIEW-NEEDED
MN,Saint Louis Park Benilde St. (MN),Saint Louis Park Benilde-St. Margaret's (MN),0.831,REVIEW-NEEDED
MN,Saint James (MN),Saint James Area (MN),0.815,REVIEW-NEEDED
MN,Stephen Argyle (MN),Stephen-Argyle Central (MN),0.778,REVIEW-NEEDED
MN,New York Mills New York (MN),New York Mills (MN),0.757,REVIEW-NEEDED
MO,Lone Jack Kingsville (MO),Lone Jack-Kingsville (MO),1.0,auto-safe
MO,Saint Louis Lift for Life Academy (MO),Saint Louis Lift For Life Academy (MO),1.0,auto-safe
MO,Lees Summit St. Michael the Archangel (MO),Lee's Summit St. Michael the Archangel (MO),0.986,auto-safe
MO,Ofallon St. Dominic (MO),O'Fallon St. Dominic (MO),0.973,auto-safe
MO,Lees Summit North (MO),Lee's Summit North (MO),0.971,auto-safe
MO,Lees Summit (MO),Lee's Summit (MO),0.957,auto-safe
MO,Festus St. Pius (MO),Festus St. Pius X (MO),0.933,auto-safe
MO,Kansas City Southeast (MO),Kansas City Northeast (MO),0.905,auto-safe
MO,Lees Summit Summit Christian (MO),Lee's Summit Summit Christian Academy (MO),0.862,REVIEW-NEEDED
MO,Kirkwood Vianney (MO),Kirkwood St. John Vianney (MO),0.8,REVIEW-NEEDED
MO,Concordia St. Paul (MO),Concordia St. Paul Lutheran (MO),0.791,REVIEW-NEEDED
MO,Saint Louis MICDS (MO),Saint Louis Chaminade (MO),0.789,REVIEW-NEEDED
MO,St. Charles Howell North (MO),Saint Charles Francis Howel North (MO),0.786,REVIEW-NEEDED
MO,Gallatin Tri (MO),Gallatin-Tri-County (MO),0.774,REVIEW-NEEDED
MO,El Dorado Springs El Dorado (MO),El Dorado Springs (MO),0.773,REVIEW-NEEDED
MS,Vicksburg St. Aloysius (MS),Vicksburg St.Aloysius (MS),1.0,auto-safe
MS,Greenville Obannon (MS),Greenville O'Bannon (MS),0.973,auto-safe
MS,Columbus Victory Christian (MS),Columbus Victory Christian Academy (MS),0.867,REVIEW-NEEDED
MS,Pelahatchie East Rankin (MS),Pelahatchie East Rankin Academy (MS),0.852,REVIEW-NEEDED
MS,Raymond Central Hinds (MS),Raymond Central Hinds Academy (MS),0.84,REVIEW-NEEDED
MS,Greenwood Delta St. reets (MS),Greenwood Delta Streets Academy (MS),0.836,REVIEW-NEEDED
MS,Liberty Amite (MS),Liberty Amite County (MS),0.788,REVIEW-NEEDED
MT,Great Falls Russell (MT),Great Falls C M Russell (MT),0.905,auto-safe
MT,Sunburst North Toole (MT),Sunburst North Toole County (MT),0.851,REVIEW-NEEDED
NC,Winston Salem Oak Grove (NC),Winston-Salem Oak Grove (NC),1.0,auto-safe
NC,Fayetteville Ee Smith (NC),Fayetteville E.E. Smith (NC),0.977,auto-safe
NC,Hickory St. St. ephens (NC),Hickory St. Stephens (NC),0.974,auto-safe
NC,Winston-Salem Mount Tabor (NC),Winston-Salem Mt. Tabor (NC),0.936,auto-safe
NC,Huntersville Christ The (NC),Huntersville Christ the King (NC),0.902,auto-safe
NC,Richlands Liberty Christian (NC),Richlands Liberty Christian Academy (NC),0.871,REVIEW-NEEDED
NC,High Point Christian (NC),High Point Christian Academy (NC),0.833,REVIEW-NEEDED
NC,Trenton Jones Senior (NC),Trenton Jones (NC),0.788,REVIEW-NEEDED
ND,Inkster Midway Minto (ND),Inkster Midway-Minto (ND),1.0,auto-safe
ND,Mayville Portland (ND),Mayville-Portland (ND),1.0,auto-safe
ND,Velva Garrison (ND),Velva-Garrison (ND),1.0,auto-safe
ND,Buxton Hillsboro Central (ND),Buxton Hillsboro-Central Valley (ND),0.873,REVIEW-NEEDED
ND,Fargo Shanley (ND),Fargo Shanley Oak (ND),0.867,REVIEW-NEEDED
ND,Westhope Newburg (ND),Westhope-Newburg-Melita (ND),0.821,REVIEW-NEEDED
ND,Bismarck St. Marys (ND),Bismarck St. Mary's Central (ND),0.791,REVIEW-NEEDED
NE,Wilcox Hildreth (NE),Wilcox-Hildreth (NE),1.0,auto-safe
NE,Laurel Concord (NE),Laurel-Concord (NE),1.0,auto-safe
NE,Oakland Craig (NE),Oakland-Craig (NE),1.0,auto-safe
NE,Wauneta Palisade (NE),Wauneta-Palisade (NE),1.0,auto-safe
NE,Hartington Newcastle (NE),Hartington-Newcastle (NE),1.0,auto-safe
NE,Doniphan Trumbull (NE),Doniphan-Trumbull (NE),1.0,auto-safe
NE,Gordon Rushville (NE),Gordon-Rushville (NE),1.0,auto-safe
NE,Johnson Brock (NE),Johnson-Brock (NE),1.0,auto-safe
NE,Wisner Pilger (NE),Wisner-Pilger (NE),1.0,auto-safe
NE,Ansley Litchfield (NE),Ansley-Litchfield (NE),1.0,auto-safe
NE,Bancroft Rosalie (NE),Bancroft-Rosalie (NE),1.0,auto-safe
NE,North Platte St. Patricks (NE),North Platte St. Patrick's (NE),0.98,auto-safe
NE,Papillion Lavista South (NE),Papillion-La Vista South (NE),0.979,auto-safe
NE,Lincoln St. anding Bear (NE),Lincoln Standing Bear (NE),0.977,auto-safe
NE,Papillion Lavista (NE),Papillion La Vista (NE),0.971,auto-safe
NE,Oneill St. Marys (NE),O'Neill Saint Mary's (NE),0.857,REVIEW-NEEDED
NE,Tecumseh Johnson County (NE),Tecumseh Johnson County Central (NE),0.852,REVIEW-NEEDED
NE,Chambers Wheeler (NE),Chambers-Wheeler Central (NE),0.8,REVIEW-NEEDED
NH,Portsmouth Oyster (NH),Portsmouth-Oyster River (NH),0.85,REVIEW-NEEDED
NJ,Wood Ridge Wood Ridge (NJ),Wood Ridge Wood-Ridge (NJ),1.0,auto-safe
NJ,Montvale Saint Joseph Regional (NJ),Montvale St. Joseph Regional (NJ),0.947,auto-safe
NJ,Richland St. Augustine (NJ),Richland St.Augustine Prep (NJ),0.894,REVIEW-NEEDED
NJ,Jersey City St. Peters (NJ),Jersey City St. Peters Prep (NJ),0.894,REVIEW-NEEDED
NJ,Mays Landing Atlantic County (NJ),Mays Landing Atlantic County Vo-Tech (NJ),0.875,REVIEW-NEEDED
NJ,Edison Jp St. evens (NJ),Edison John P. Stevens (NJ),0.872,REVIEW-NEEDED
NJ,Gloucester City Gloucester Catholic (NJ),Gloucester City Catholic (NJ),0.814,REVIEW-NEEDED
NJ,Basking Ridge Ridge (NJ),Basking Ridge (NJ),0.812,REVIEW-NEEDED
NJ,Edison St. Thomas (NJ),Edison St. Thomas Aquinas (NJ),0.8,REVIEW-NEEDED
NJ,Holmdel St. John (NJ),Holmdel St. John-Vianney (NJ),0.789,REVIEW-NEEDED
NJ,Keyport Hudson (NJ),Keyport-Hudson Regional (NJ),0.757,REVIEW-NEEDED
NV,North Las Vegas Cheyenne Desert (NV),North Las Vegas Cheyenne (NV),0.873,REVIEW-NEEDED
NV,Reno Coral Academy (NV),Reno Coral Academy of Science (NV),0.766,REVIEW-NEEDED
NY,Coxsackie Athens (NY),Coxsackie-Athens (NY),1.0,auto-safe
NY,Sodus Lyons (NY),Sodus-Lyons (NY),1.0,auto-safe
NY,Cato Meridian (NY),Cato-Meridian (NY),1.0,auto-safe
NY,Churchville Chili (NY),Churchville-Chili (NY),1.0,auto-safe
NY,Bainbridge Guilford (NY),Bainbridge-Guilford (NY),1.0,auto-safe
NY,Sanborn Niagara Wheatfield (NY),Sanborn Niagara-Wheatfield (NY),1.0,auto-safe
NY,Grahamsville Tri Valley (NY),Grahamsville Tri-Valley (NY),1.0,auto-safe
NY,Cobleskill Richmondville (NY),Cobleskill-Richmondville (NY),1.0,auto-safe
NY,Central Valley Monroe Woodbury (NY),Central Valley Monroe-Woodbury (NY),1.0,auto-safe
NY,Scotia Glenville (NY),Scotia-Glenville (NY),1.0,auto-safe
NY,Staten Island St. Peters (NY),Staten Island St. Peter's (NY),0.979,auto-safe
NY,Highland Falls Oneill (NY),Highland Falls O'Neill (NY),0.977,auto-safe
NY,Lancaster St. Marys (NY),Lancaster St. Mary's (NY),0.973,auto-safe
NY,Fresh Meadows St. Francis (NY),Fresh Meadows St. Francis Prep (NY),0.906,auto-safe
NY,Rochester Greece Olympia Odyssey (NY),Rochester Greece Olympia-Greece Odyssey (NY),0.901,auto-safe
NY,Staten Island Mckee Vo (NY),Staten Island McKee Vo-Tech (NY),0.898,REVIEW-NEEDED
NY,Franklin Square Valley St. ream (NY),Franklin Square Valley Stream North (NY),0.892,REVIEW-NEEDED
NY,Syracuse Christian Brothers (NY),Syracuse Christian Brothers Academy (NY),0.871,REVIEW-NEEDED
NY,Binghamton Chenango Valley (NY),Binghamton Chenango Valley Central (NY),0.867,REVIEW-NEEDED
NY,Albany Christian Brothers (NY),Albany Christian Brothers Academy (NY),0.862,REVIEW-NEEDED
NY,Canajoharie Fort (NY),Canajoharie-Fort Plain (NY),0.842,REVIEW-NEEDED
NY,Manlius Fayetteville Manlius (NY),Fayetteville-Manlius (NY),0.833,REVIEW-NEEDED
NY,Ilion Central Valley (NY),Ilion Central Valley Academy (NY),0.833,REVIEW-NEEDED
NY,Shoreham Wading (NY),Shoreham-Wading River (NY),0.833,REVIEW-NEEDED
NY,Tarrytown Hackley (NY),Tarrytown Hackley School (NY),0.829,REVIEW-NEEDED
NY,Bronx Mt. St. Academy (NY),Bronx Mt. St. Michael Academy (NY),0.826,REVIEW-NEEDED
NY,Buffalo Hutchinson Central (NY),Buffalo Hutchinson Tech (NY),0.816,REVIEW-NEEDED
NY,Baldwinsville (NY),Baldwinsville Baker (NY),0.812,REVIEW-NEEDED
NY,Hastings On Hudson Hastings Yellow (NY),Hastings-on-Hudson Dobbs-Hastings (NY),0.806,REVIEW-NEEDED
NY,Dover Plains Dover (NY),Dover Plains (NY),0.8,REVIEW-NEEDED
NY,Poughkeepsie Our Lady (NY),Poughkeepsie Our Lady of Lourdes (NY),0.792,REVIEW-NEEDED
NY,Buffalo Lewis J (NY),Buffalo Lewis J. Bennett (NY),0.789,REVIEW-NEEDED
NY,Ogdensburg Free (NY),Ogdensburg Free Academy (NY),0.789,REVIEW-NEEDED
NY,Geneseo Mount (NY),Geneseo-Mount Morris (NY),0.788,REVIEW-NEEDED
NY,Upper Nyack Nyack (NY),Upper Nyack (NY),0.786,REVIEW-NEEDED
NY,Staten Island St. Joseph (NY),Staten Island St. Joseph Hill Academy (NY),0.78,REVIEW-NEEDED
NY,Newburgh Free (NY),Newburgh Free Academy (NY),0.765,REVIEW-NEEDED
NY,Endicott Union Endicott (NY),Union-Endicott (NY),0.757,REVIEW-NEEDED
NY,West Islip St. John (NY),West Islip St. John the Baptist (NY),0.75,REVIEW-NEEDED
OH,Dresden Tri Valley (OH),Dresden Tri-Valley (OH),1.0,auto-safe
OH,Pandora Gilboa (OH),Pandora-Gilboa (OH),1.0,auto-safe
OH,Amanda Clearcreek (OH),Amanda-Clearcreek (OH),1.0,auto-safe
OH,Findlay Liberty Benton (OH),Findlay Liberty-Benton (OH),1.0,auto-safe
OH,Bethel Tate (OH),Bethel-Tate (OH),1.0,auto-safe
OH,Fayetteville Perry (OH),Fayetteville-Perry (OH),1.0,auto-safe
OH,Clarksville Clinton Massie (OH),Clarksville Clinton-Massie (OH),1.0,auto-safe
OH,Delphos St. Johns (OH),Delphos St. John's (OH),0.97,auto-safe
OH,Cincinnati Summit Country (OH),Cincinnati Summit Country Day (OH),0.926,auto-safe
OH,Lakewood Saint Edward (OH),Lakewood St. Edward (OH),0.923,auto-safe
OH,Norwalk Saint Paul (OH),Norwalk St. Paul (OH),0.909,auto-safe
OH,Dayton Ponitz Career (OH),Dayton Ponitz Career Tech (OH),0.889,REVIEW-NEEDED
OH,New Philadelphia Tuscarawas Central (OH),New Philadelphia Tuscarawas Central Catholic (OH),0.886,REVIEW-NEEDED
OH,Cleveland John F (OH),Cleveland John Hay (OH),0.882,REVIEW-NEEDED
OH,Cincinnati Shroder Paideia (OH),Cincinnati Shroder Paideia Academy (OH),0.867,REVIEW-NEEDED
OH,Middletown Madison (OH),Middletown Madison Senior (OH),0.837,REVIEW-NEEDED
OH,West Milton Milton Union (OH),West Milton-Union (OH),0.829,REVIEW-NEEDED
OH,Columbus St. Francis (OH),Columbus St. Francis de Sales (OH),0.809,REVIEW-NEEDED
OH,Toledo St. Johns (OH),Toledo St. John's Jesuit (OH),0.789,REVIEW-NEEDED
OK,Kremlin Hillsdale (OK),Kremlin-Hillsdale (OK),1.0,auto-safe
OK,Perkins Tryon (OK),Perkins-Tryon (OK),1.0,auto-safe
OK,Chouteau Mazie (OK),Chouteau-Mazie (OK),1.0,auto-safe
OK,Covington Douglas (OK),Covington-Douglas (OK),1.0,auto-safe
OK,Waukomis Pioneer Pleasant (OK),Waukomis Pioneer-Pleasant Vale (OK),0.909,auto-safe
OK,Oklahoma City Mount St. (OK),Oklahoma City Mount St. Mary (OK),0.898,REVIEW-NEEDED
OK,Edmond Santa (OK),Edmond Santa Fe (OK),0.889,REVIEW-NEEDED
OK,Edmond Oklahoma Christian (OK),Edmond Oklahoma Christian Academy (OK),0.862,REVIEW-NEEDED
OK,Shawnee North Rock (OK),Shawnee North Rock Creek (OK),0.857,REVIEW-NEEDED
OK,Mutual Sharon Mutual (OK),Mutual Sharon-Mutual-Taloga (OK),0.851,REVIEW-NEEDED
OK,Tulsa Will Rogers (OK),Tulsa Will Rogers College (OK),0.81,REVIEW-NEEDED
OK,Tulsa Noah (OK),Tulsa Union (OK),0.762,REVIEW-NEEDED
OK,Star-Spencer (OK),Spencer Star-Spencer (OK),0.75,REVIEW-NEEDED
OR,Brookings Harbor (OR),Brookings-Harbor (OR),1.0,auto-safe
OR,Rockaway Beach Neah Kah (OR),Rockaway Beach Neah-Kah-Nie (OR),0.92,auto-safe
PA,Royersford Spring Ford (PA),Royersford Spring-Ford (PA),1.0,auto-safe
PA,Annville Cleona (PA),Annville-Cleona (PA),1.0,auto-safe
PA,Fawn Grove Kennard Dale (PA),Fawn Grove Kennard-Dale (PA),1.0,auto-safe
PA,Lampeter St. rasburg (PA),Lampeter-Strasburg (PA),0.973,auto-safe
PA,Philadelphia Springside Chestnut Academy (PA),Philadelphia Springside Chestnut Hill Academy (PA),0.941,auto-safe
PA,Philadelphia Martin Luther (PA),Philadelphia Martin Luther King (PA),0.912,auto-safe
PA,Dingmans Ferry East St. roudsburg (PA),Dingmans Ferry East Stroudsburg North (PA),0.899,REVIEW-NEEDED
PA,Wingate Bald Eagle (PA),Wingate Bald Eagle Area (PA),0.878,REVIEW-NEEDED
PA,Newtown Square Delaware County (PA),Newtown Square Delaware County Christian (PA),0.857,REVIEW-NEEDED
PA,Fairless Hills Conwell Egan (PA),Fairless Hills Conwell-Egan Catholic (PA),0.857,REVIEW-NEEDED
PA,Bloomsburg Columbia Montour (PA),Bloomsburg ColumbiaMontour Vo-Tech (PA),0.852,REVIEW-NEEDED
PA,Newtown Square Marple Newtown (PA),Newtown Square Marple (PA),0.84,REVIEW-NEEDED
PA,Levittown Harry S (PA),Levittown Harry S. Truman (PA),0.829,REVIEW-NEEDED
PA,Allentown Louis E (PA),Allentown Louis E. Dieruff (PA),0.81,REVIEW-NEEDED
PA,Pottstown Owen J (PA),Pottstown Owen J. Roberts (PA),0.8,REVIEW-NEEDED
PA,Carbondale Area (PA),Carbondale (PA),0.8,REVIEW-NEEDED
PA,Upper Saint Clair Upper St. (PA),Upper Saint Clair (PA),0.791,REVIEW-NEEDED
PA,Coraopolis Our Lady (PA),Coraopolis Cornell (PA),0.757,REVIEW-NEEDED
SC,Anderson TL Hanna (SC),Anderson T.L. Hanna (SC),0.971,auto-safe
SC,Murrells Inlet Saint James (SC),Murrells Inlet St. James (SC),0.939,auto-safe
SC,Ridgeland John Paul (SC),Ridgeland John Paul II (SC),0.927,auto-safe
SC,Columbia Providence Athletic (SC),Columbia Providence Athletic Club (SC),0.918,auto-safe
SC,Charleston First Baptist (SC),Charleston First Baptist School (SC),0.873,REVIEW-NEEDED
SC,Conway Atlantic Collegiate (SC),Conway Atlantic Collegiate Academy (SC),0.867,REVIEW-NEEDED
SC,Ridgeland Thomas Heyward (SC),Ridgeland Thomas Heyward Academy (SC),0.857,REVIEW-NEEDED
SC,Estill Patrick Henry (SC),Estill Patrick Henry Academy (SC),0.833,REVIEW-NEEDED
SC,Camden Military (SC),Camden Military Academy (SC),0.789,REVIEW-NEEDED
SC,Mullins Pee Dee (SC),Mullins Pee Dee Academy (SC),0.789,REVIEW-NEEDED
SC,Columbia Irmo Yellow (SC),Columbia Irmo (SC),0.788,REVIEW-NEEDED
SC,Branchville Yellow (SC),Branchville (SC),0.759,REVIEW-NEEDED
SD,Waubay Summit (SD),Waubay-Summit (SD),1.0,auto-safe
SD,Florence Henry (SD),Florence-Henry (SD),1.0,auto-safe
SD,Lead Deadwood (SD),Lead-Deadwood (SD),1.0,auto-safe
SD,Rapid City Central  (SD),Rapid City Central (SD),1.0,auto-safe
SD,Salem Mccook Central (SD),Salem McCook Central (SD),1.0,auto-safe
SD,Viborg Hurley (SD),Viborg-Hurley (SD),1.0,auto-safe
SD,Leola Frederick (SD),Leola-Frederick (SD),1.0,auto-safe
SD,Gayville Volin (SD),Gayville-Volin (SD),1.0,auto-safe
SD,Wolsey Wessington (SD),Wolsey-Wessington (SD),1.0,auto-safe
SD,Irene Wakonda (SD),Irene-Wakonda (SD),1.0,auto-safe
SD,Tripp Delmont (SD),Tripp-Delmont (SD),1.0,auto-safe
SD,Sioux Falls Ogorman (SD),Sioux Falls O'Gorman (SD),0.974,auto-safe
SD,Dell Rapids-Saint Mary (SD),Dell Rapids St. Mary's (SD),0.884,REVIEW-NEEDED
SD,Woonsocket Wessington (SD),Woonsocket-Wessington Springs (SD),0.84,REVIEW-NEEDED
SD,Miller Sunshine Bible (SD),Miller Sunshine Bible Academy (SD),0.84,REVIEW-NEEDED
SD,Kimball White (SD),Kimball-White Lake (SD),0.839,REVIEW-NEEDED
SD,Watertown Great Plains (SD),Watertown Great Plains Lutheran (SD),0.83,REVIEW-NEEDED
SD,Menno Scotland Menno (SD),Menno-Scotland (SD),0.824,REVIEW-NEEDED
SD,Waverly South (SD),Waverly-South Shore (SD),0.812,REVIEW-NEEDED
TN,Memphis Academy of Health Sciences (TN),Memphis Academy of Health Sciences (TN),1.0,auto-safe
TN,Afton Chuckey Doak (TN),Afton Chuckey-Doak (TN),1.0,auto-safe
TN,Collierville St. Georges (TN),Collierville St. George's (TN),0.979,auto-safe
TN,White House Christian Community (TN),White House Christian Community School (TN),0.899,REVIEW-NEEDED
TN,Nashville Donelson Christian (TN),Nashville Donelson Christian Academy (TN),0.875,REVIEW-NEEDED
TN,Cordova First Assembly (TN),Cordova First Assembly Christian (TN),0.815,REVIEW-NEEDED
TN,Blountville Tri Cities (TN),Blountville Tri-Cities Christian (TN),0.815,REVIEW-NEEDED
TX,Corrigan Camden (TX),Corrigan-Camden (TX),1.0,auto-safe
TX,Coldspring-Oakhurst (TX),Coldspring-Oakhurst (TX),1.0,auto-safe
TX,Fort Worth THESA  (TX),Fort Worth THESA (TX),1.0,auto-safe
TX,Anderson Shiro (TX),Anderson-Shiro (TX),1.0,auto-safe
TX,La Joya Juarez Lincoln (TX),La Joya Juarez-Lincoln (TX),1.0,auto-safe
TX,New London West Rusk (TX),New London West Rusk (TX),1.0,auto-safe
TX,Edcouch Elsa (TX),Edcouch-Elsa (TX),1.0,auto-safe
TX,Texarkana Liberty Eylau (TX),Texarkana Liberty-Eylau (TX),1.0,auto-safe
TX,Perrin Whitt (TX),Perrin-Whitt (TX),1.0,auto-safe
TX,Dallas Wilmer Hutchins (TX),Dallas Wilmer-Hutchins (TX),1.0,auto-safe
TX,Linden Kildare (TX),Linden-Kildare (TX),1.0,auto-safe
TX,Hamshire Fannett (TX),Hamshire-Fannett (TX),1.0,auto-safe
TX,Sour Lake Hardin Jefferson (TX),Sour Lake Hardin-Jefferson (TX),1.0,auto-safe
TX,Fort Worth Carter Riverside (TX),Fort Worth Carter-Riverside (TX),1.0,auto-safe
TX,Corpus Christi Tuloso Midway (TX),Corpus Christi Tuloso-Midway (TX),1.0,auto-safe
TX,Austin St. Andrews (TX),Austin St. Andrew's (TX),0.971,auto-safe
TX,Dallas St. Marks (TX),Dallas St. Mark's (TX),0.968,auto-safe
TX,Cameron Ch Yoe (TX),Cameron C.H. Yoe (TX),0.966,auto-safe
TX,Brownsville Saint Joseph Academy (TX),Brownsville St. Joseph Academy (TX),0.951,auto-safe
TX,Houston Saint Thomas Catholic (TX),Houston St. Thomas Catholic (TX),0.945,auto-safe
TX,Bryan Saint Joseph Catholic (TX),Bryan St. Joseph Catholic (TX),0.941,auto-safe
TX,Austin Saint Savio Dominic (TX),Austin St. Savio Dominic (TX),0.939,auto-safe
TX,New Braunfels John Paul (TX),New Braunfels John Paul II (TX),0.939,auto-safe
TX,Universal City Randolph Ro (TX),Universal City Randolph (TX),0.939,auto-safe
TX,Dhanis (TX),D'Hanis (TX),0.923,auto-safe
TX,Houston Saint Pius X (TX),Houston St. Pius X (TX),0.919,auto-safe
TX,Houston Saint John's (TX),Houston St. John's (TX),0.919,auto-safe
TX,San Antonio Saint Marys (TX),San Antonio St. Mary's (TX),0.909,auto-safe
TX,Fort Worth Mercy Culture (TX),Fort Worth Mercy Culture Prep (TX),0.906,auto-safe
TX,Stephenville Three (TX),Stephenville Three Way (TX),0.9,auto-safe
TX,Fort Worth Southwest Christian (TX),Fort Worth Southwest Christian School (TX),0.896,REVIEW-NEEDED
TX,Corpus Christi Annapolis Christian (TX),Corpus Christi Annapolis Christian Academy (TX),0.895,REVIEW-NEEDED
TX,Waco Methodist Childrens (TX),Waco Methodist Children's Home (TX),0.889,REVIEW-NEEDED
TX,Cedar Hill Newman International (TX),Cedar Hill Newman International Academy (TX),0.886,REVIEW-NEEDED
TX,Mckinney Cornerstone Christian (TX),McKinney Cornerstone Christian Academy (TX),0.882,REVIEW-NEEDED
TX,Arlington Newman International (TX),Arlington Newman International Academy (TX),0.882,REVIEW-NEEDED
TX,Corpus Christi Incarnate Word (TX),Corpus Christi Incarnate Word Academy (TX),0.879,REVIEW-NEEDED
TX,Lewisville Founders Classical (TX),Lewisville Founders Classical Academy (TX),0.879,REVIEW-NEEDED
TX,San Antonio Compass Rose (TX),San Antonio Compass Rose Legacy (TX),0.873,REVIEW-NEEDED
TX,Kingsville Santa Gertrudis (TX),Kingsville Santa Gertrudis Academy (TX),0.867,REVIEW-NEEDED
TX,Crowley Nazarene Christian (TX),Crowley Nazarene Christian Academy (TX),0.867,REVIEW-NEEDED
TX,Harlingen Marine Military (TX),Harlingen Marine Military Academy (TX),0.862,REVIEW-NEEDED
TX,Decatur Victory Christian (TX),Decatur Victory Christian Academy (TX),0.862,REVIEW-NEEDED
TX,Arlington St. Pauls (TX),Arlington St. Paul's Prep (TX),0.857,REVIEW-NEEDED
TX,Keller Harvest Christian (TX),Keller Harvest Christian Academy (TX),0.857,REVIEW-NEEDED
TX,Dallas Ume Preparatory (TX),Dallas UME Preparatory Academy (TX),0.846,REVIEW-NEEDED
TX,Austin Northeast Early (TX),Austin Northeast Early College (TX),0.846,REVIEW-NEEDED
TX,Dallas Gateway Charter (TX),Dallas Gateway Charter Academy (TX),0.846,REVIEW-NEEDED
TX,El Paso Americas Trail (TX),El Paso Americas (TX),0.842,REVIEW-NEEDED
TX,San Antonio The Christian (TX),San Antonio The Winston (TX),0.833,REVIEW-NEEDED
TX,El Paso Jefferson Silver (TX),El Paso Jefferson (TX),0.829,REVIEW-NEEDED
TX,Austin Crusaders HomeSchool (TX),Austin Royals HomeSchool (TX),0.824,REVIEW-NEEDED
TX,San Antonio John F (TX),San Antonio John F. Kennedy (TX),0.818,REVIEW-NEEDED
TX,Pasadena First Baptist (TX),Pasadena First Baptist Christian (TX),0.815,REVIEW-NEEDED
TX,Fort Worth Polytechnic (TX),Fort Worth Poly (TX),0.811,REVIEW-NEEDED
TX,Houston Math (TX),Houston Lamar (TX),0.8,REVIEW-NEEDED
TX,Midland Legacy (TX),Midland Lee (TX),0.8,REVIEW-NEEDED
TX,Plano Coram Deo (TX),Plano Coram Deo Academy (TX),0.789,REVIEW-NEEDED
TX,Sugar Land Harmony School (TX),Sugar Land Harmony School of Innovation (TX),0.781,REVIEW-NEEDED
TX,Mount Calm Mount (TX),Mount Calm (TX),0.769,REVIEW-NEEDED
TX,Dallas A Plus (TX),Dallas A Plus Academy (TX),0.765,REVIEW-NEEDED
TX,Austin St. St. ephens (TX),Austin St. Stephen's Episcopal (TX),0.75,REVIEW-NEEDED
TX,Midland Texas (TX),Midland Lee (TX),0.75,REVIEW-NEEDED
TX,Sherman Grayson (TX),Sherman Grayson Christian (TX),0.75,REVIEW-NEEDED
UT,Spanish Fork American Leadership (UT),Spanish Fork American Leadership Academy (UT),0.889,REVIEW-NEEDED
UT,Salt Lake City Judge Memorial (UT),Salt Lake City Judge Memorial Catholic (UT),0.866,REVIEW-NEEDED
UT,Fillmore Millard (UT),Fillmore Millard County (UT),0.821,REVIEW-NEEDED
UT,Draper Juan Diego (UT),Draper Juan Diego Catholic (UT),0.791,REVIEW-NEEDED
UT,Cedar City Cedar (UT),Cedar City (UT),0.769,REVIEW-NEEDED
VA,Richmond Armstrong Kennedy (VA),Richmond Armstrong-Kennedy (VA),1.0,auto-safe
VA,Richmond St. Christophers (VA),Richmond St. Christopher's (VA),0.98,auto-safe
VA,Arlington Bishop Oconnell (VA),Arlington Bishop O'Connell (VA),0.98,auto-safe
VA,Washington Rappahannock (VA),Washington Rappahannock County (VA),0.868,REVIEW-NEEDED
VT,Bennington Mount Anthony (VT),Bennington Mt. Anthony (VT),0.933,auto-safe
WI,Fall River Rio (WI),Fall River-Rio (WI),1.0,auto-safe
WI,Wabeno Laona (WI),Wabeno-Laona (WI),1.0,auto-safe
WI,Galesville Gale Ettrick (WI),Galesville Gale-Ettrick (WI),1.0,auto-safe
WI,Neillsville Granton (WI),Neillsville-Granton (WI),1.0,auto-safe
WI,Adams Friendship (WI),Adams-Friendship (WI),1.0,auto-safe
WI,Osseo Fairchild (WI),Osseo-Fairchild (WI),1.0,auto-safe
WI,Chetek Weyerhaeuser (WI),Chetek-Weyerhaeuser (WI),1.0,auto-safe
WI,Owen Withee (WI),Owen-Withee (WI),1.0,auto-safe
WI,Livingston Iowa Grant (WI),Livingston Iowa-Grant (WI),1.0,auto-safe
WI,Blair Taylor (WI),Blair-Taylor (WI),1.0,auto-safe
WI,Wittenberg Birnamwood (WI),Wittenberg-Birnamwood (WI),1.0,auto-safe
WI,Milwaukee St. Thomas (WI),Milwaukee St. Thomas More (WI),0.884,REVIEW-NEEDED
WI,Chippewa Falls McDonell Central (WI),Chippewa Falls McDonell Central Catholic (WI),0.873,REVIEW-NEEDED
WI,Viola Kickapoo La (WI),Viola Kickapoo-La Farge (WI),0.85,REVIEW-NEEDED
WI,Hartland Lake Country (WI),Hartland Lake Country Lutheran (WI),0.824,REVIEW-NEEDED
WI,Madison Vel Phillips (WI),Madison Vel Phillips Memorial (WI),0.816,REVIEW-NEEDED
WI,Spencer Columbus (WI),Spencer-Columbus Catholic (WI),0.78,REVIEW-NEEDED
WV,Blacksville Clay Battelle (WV),Blacksville Clay-Battelle (WV),1.0,auto-safe
