TeamName,ProposedLevel,Season_Begin,Season_End,VerifiedOpponentGames,TotalGamesThatSeason,MinAgreement,Confirmed
Balko (OK),8,2025,2025,9,11,1.0,1
Burns Flat Community (OK),8,2025,2025,8,9,1.0,1
Claremore Christian (OK),8,2025,2025,3,7,1.0,1
Cordell (OK),8,2025,2025,5,13,1.0,0
Henryetta Wilson Henryetta (OK),8,2025,2025,7,9,1.0,1
Marlow Central (OK),8,2025,2025,10,12,1.0,1
Mountain View (OK),8,2025,2025,10,12,1.0,1
Mutual Sharon-Mutual-Taloga (OK),8,2025,2025,2,4,1.0,1
Oklahoma City Life Christian (OK),8,2025,2025,4,8,1.0,1
Pond Creek (OK),8,2025,2025,13,13,1.0,1
Tulsa Crossover Prep (OK),8,2025,2025,2,8,1.0,1
Weleetka Graham (OK),8,2025,2025,9,10,1.0,1
