InvestigationID,AnchorTeam,Season,Bucket,Detail
3,Lone Grove (OK),2016,Unclassified,(no tier match)
6,Oklahoma City Douglass (OK),2016,Unclassified,(no tier match)
11,Lawton MacArthur (OK),2016,Unclassified,(no tier match)
15,Mutual Sharon-Mutual (OK),2016,Unclassified,(no tier match)
19,Edmond Deer Creek (OK),2015,Unclassified,(no tier match)
22,Velma-Alma (OK),2019,Unclassified,(no tier match)
27,Prague (OK),2019,Unclassified,(no tier match)
28,Lindsay (OK),2003,Unclassified,(no tier match)
42,Salina (OK),2016,Unclassified,(no tier match)
46,Alex (OK),2003,Unclassified,(no tier match)
50,Tulsa Union (OK),2017,Unclassified,(no tier match)
51,Hennessey (OK),2019,Unclassified,(no tier match)
55,Webbers Falls (OK),2016,Unclassified,(no tier match)
60,Prue (OK),2017,Unclassified,(no tier match)
67,Lawton (OK),2008,Unclassified,(no tier match)
69,Guymon (OK),2019,Unclassified,(no tier match)
70,Adair (OK),2019,Unclassified,(no tier match)
71,Salina (OK),2019,Unclassified,(no tier match)
72,Tulsa Bishop Kelley (OK),2003,Unclassified,(no tier match)
74,Oologah (OK),2019,Unclassified,(no tier match)
83,Afton (OK),2019,Unclassified,(no tier match)
89,Weatherford (OK),2003,Unclassified,(no tier match)
95,Tulsa Regent Prep (OK),2019,Unclassified,(no tier match)
97,Medford (OK),2019,Unclassified,(no tier match)
101,Chelsea (OK),2019,Unclassified,(no tier match)
111,Bixby (OK),2019,Unclassified,(no tier match)
113,Locust Grove (OK),2019,Unclassified,(no tier match)
115,Enid (OK),2015,Unclassified,(no tier match)
116,Tulsa Bishop Kelley (OK),2006,Unclassified,(no tier match)
122,Okmulgee (OK),2019,Unclassified,(no tier match)
123,Eufaula (OK),2003,Unclassified,(no tier match)
124,Tulsa Metro Christian (OK),2018,Unclassified,(no tier match)
133,Oklahoma City Patriots HomeSchool (OK),2017,Unclassified,(no tier match)
142,Morrison (OK),2019,Unclassified,(no tier match)
143,Sulphur (OK),2019,Unclassified,(no tier match)
150,Geary (OK),2016,Unclassified,(no tier match)
151,Porter (OK),2019,Unclassified,(no tier match)
152,Waurika (OK),2019,Unclassified,(no tier match)
157,Fox (OK),2021,Unclassified,(no tier match)
158,Tulsa Holland Hall (OK),2016,Unclassified,(no tier match)
169,Spencer Star-Spencer (OK),2003,Unclassified,(no tier match)
177,Burns Flat-Dill City (OK),2019,Unclassified,(no tier match)
178,Del City Destiny Christian (OK),2014,Unclassified,(no tier match)
182,Fairfax Woodland (OK),2003,Unclassified,(no tier match)
194,Pocola (OK),2019,Unclassified,(no tier match)
196,Colcord (OK),2007,Unclassified,(no tier match)
210,Depew (OK),2019,Unclassified,(no tier match)
217,Sallisaw (OK),2019,Unclassified,(no tier match)
219,Moore Southmoore (OK),2019,Unclassified,(no tier match)
220,Boise City (OK),2019,Unclassified,(no tier match)
230,Thackerville (OK),2015,Unclassified,(no tier match)
231,Bray-Doyle (OK),2018,Unclassified,(no tier match)
232,Kingfisher (OK),2019,Unclassified,(no tier match)
237,Owasso (OK),2019,Unclassified,(no tier match)
240,Midwest City (OK),2014,Unclassified,(no tier match)
241,Roland (OK),2019,Unclassified,(no tier match)
247,Newkirk (OK),2016,Unclassified,(no tier match)
258,Poteau (OK),2019,Unclassified,(no tier match)
259,Forgan (OK),2003,Unclassified,(no tier match)
261,Watonga (OK),2019,Unclassified,(no tier match)
277,Tulsa Union (OK),2003,Unclassified,(no tier match)
279,Checotah (OK),1927,Unclassified,(no tier match)
288,Warner (OK),2019,Unclassified,(no tier match)
290,Council Hill Midway (OK),2019,Unclassified,(no tier match)
299,Thomas (OK),2003,Unclassified,(no tier match)
300,Lawton MacArthur (OK),2019,Unclassified,(no tier match)
301,Cordell (OK),2003,Unclassified,(no tier match)
304,Oklahoma City Bishop McGuinness (OK),2018,Unclassified,(no tier match)
305,Pawnee (OK),1972,Unclassified,(no tier match)
310,Waukomis (OK),2016,Unclassified,(no tier match)
311,Konawa (OK),2019,Unclassified,(no tier match)
315,Cyril (OK),2019,Unclassified,(no tier match)
325,Bristow (OK),1932,Unclassified,(no tier match)
330,Frederick (OK),2019,Unclassified,(no tier match)
349,Oklahoma City Capitol Hill (OK),2019,Unclassified,(no tier match)
353,Midwest City (OK),2003,Unclassified,(no tier match)
369,Wyandotte (OK),2019,Unclassified,(no tier match)
371,Laverne (OK),2019,Unclassified,(no tier match)
374,Oklahoma City Bishop McGuinness (OK),2019,Unclassified,(no tier match)
379,McLoud (OK),2019,Unclassified,(no tier match)
384,Newcastle (OK),2019,Unclassified,(no tier match)
385,Oklahoma City Northwest Classen (OK),2016,Unclassified,(no tier match)
387,Tulsa Bishop Kelley (OK),2018,Unclassified,(no tier match)
390,Heavener (OK),2019,Unclassified,(no tier match)
394,Claremore (OK),2019,Unclassified,(no tier match)
400,Ardmore Dickson (OK),2019,Unclassified,(no tier match)
402,Hobart (OK),2012,Unclassified,(no tier match)
406,Beggs (OK),2018,Unclassified,(no tier match)
423,Tecumseh (OK),2003,Unclassified,(no tier match)
432,Tulsa Booker T. Washington (OK),1961,Unclassified,(no tier match)
435,Healdton (OK),2019,Unclassified,(no tier match)
441,Dibble (OK),2019,Unclassified,(no tier match)
442,Tulsa Victory Christian (OK),2019,Unclassified,(no tier match)
447,Elk City (OK),2019,Unclassified,(no tier match)
450,Checotah (OK),2019,Unclassified,(no tier match)
461,Broken Arrow (OK),2006,Unclassified,(no tier match)
462,Shidler (OK),2003,Unclassified,(no tier match)
464,Keota (OK),2019,Unclassified,(no tier match)
465,Owasso (OK),2015,Unclassified,(no tier match)
472,Beaver (OK),2019,Unclassified,(no tier match)
474,Edmond Deer Creek (OK),2003,Unclassified,(no tier match)
478,Collinsville (OK),2010,Unclassified,(no tier match)
482,Hugo (OK),2019,Unclassified,(no tier match)
485,Spiro (OK),2019,Unclassified,(no tier match)
495,Oklahoma City Putnam City (OK),2003,Unclassified,(no tier match)
496,Stratford (OK),2022,Unclassified,(no tier match)
507,Oklahoma City Putnam City West (OK),2003,Unclassified,(no tier match)
508,Stroud (OK),2022,Unclassified,(no tier match)
512,Lawton (OK),2003,Unclassified,(no tier match)
515,Ada (OK),2017,Unclassified,(no tier match)
518,Noble (OK),2019,Unclassified,(no tier match)
519,Nowata (OK),1926,Unclassified,(no tier match)
522,Thomas-Fay-Custer (OK),2019,Unclassified,(no tier match)
527,Woodward (OK),2019,Unclassified,(no tier match)
532,Oklahoma City Bishop McGuinness (OK),2013,Unclassified,(no tier match)
536,Madill (OK),2019,Unclassified,(no tier match)
538,Webbers Falls (OK),2019,Unclassified,(no tier match)
540,Tulsa Metro Christian (OK),2019,Unclassified,(no tier match)
543,Miami (OK),1937,Unclassified,(no tier match)
549,Cleveland (OK),2019,Unclassified,(no tier match)
550,Mountain View-Gotebo (OK),2015,Unclassified,(no tier match)
551,Oklahoma City Westmoore (OK),2016,Unclassified,(no tier match)
553,Park Hill Keys (OK),2003,Unclassified,(no tier match)
561,Mangum (OK),2019,Unclassified,(no tier match)
564,Edmond Memorial (OK),2019,Unclassified,(no tier match)
580,Oklahoma City Millwood (OK),2019,Unclassified,(no tier match)
581,Tahlequah (OK),2003,Unclassified,(no tier match)
586,Elgin (OK),2019,Unclassified,(no tier match)
590,Comanche (OK),2015,Unclassified,(no tier match)
593,Hominy (OK),2016,Unclassified,(no tier match)
606,Duncan (OK),2019,Unclassified,(no tier match)
609,Mooreland (OK),2019,Unclassified,(no tier match)
615,Lawton (OK),2015,Unclassified,(no tier match)
616,Oklahoma City Putnam City North (OK),2003,Unclassified,(no tier match)
620,Broken Arrow (OK),2017,Unclassified,(no tier match)
622,Waynoka (OK),2019,Unclassified,(no tier match)
630,Tuttle (OK),2003,Unclassified,(no tier match)
637,Pryor (OK),2003,Unclassified,(no tier match)
645,Norman (OK),2016,Unclassified,(no tier match)
652,Tulsa Booker T. Washington (OK),2015,Unclassified,(no tier match)
655,Poteau (OK),2014,Unclassified,(no tier match)
656,Stigler (OK),2010,Unclassified,(no tier match)
657,Comanche (OK),2018,Unclassified,(no tier match)
658,Mustang (OK),2019,Unclassified,(no tier match)
659,Edmond Memorial (OK),2016,Unclassified,(no tier match)
662,Oklahoma City Millwood (OK),2016,Unclassified,(no tier match)
667,Velma-Alma (OK),2003,Unclassified,(no tier match)
672,Dewey (OK),2018,Unclassified,(no tier match)
676,Enid (OK),2003,Unclassified,(no tier match)
677,Waynoka (OK),2016,Unclassified,(no tier match)
678,Lawton Eisenhower (OK),2019,Unclassified,(no tier match)
705,Oklahoma City Millwood (OK),2008,Unclassified,(no tier match)
711,Tahlequah Sequoyah (OK),2017,Unclassified,(no tier match)
719,Pauls Valley (OK),2019,Unclassified,(no tier match)
720,Sapulpa (OK),2015,Unclassified,(no tier match)
722,Pryor (OK),2019,Unclassified,(no tier match)
735,Moore Southwest Christian Academy (OK),2010,Unclassified,(no tier match)
749,Shawnee (OK),2014,Unclassified,(no tier match)
751,Comanche (OK),2017,Unclassified,(no tier match)
752,Vinita White Oak (OK),2003,Unclassified,(no tier match)
758,Tulsa East Central (OK),2016,Unclassified,(no tier match)
760,Woodward (OK),2003,Unclassified,(no tier match)
764,Buffalo (OK),2016,Unclassified,(no tier match)
765,Fairfax Woodland (OK),2019,Unclassified,(no tier match)
772,Bristow (OK),2019,Unclassified,(no tier match)
774,Depew (OK),2018,Unclassified,(no tier match)
776,Stigler (OK),2019,Unclassified,(no tier match)
778,Bethany (OK),2017,Unclassified,(no tier match)
786,Lindsay (OK),2019,Unclassified,(no tier match)
792,Crescent (OK),2016,Unclassified,(no tier match)
794,Deer Creek-Lamont-Billings (OK),2019,Unclassified,(no tier match)
799,Elk City Merritt (OK),2019,Unclassified,(no tier match)
800,Altus (OK),2019,Unclassified,(no tier match)
801,Blackwell (OK),2003,Unclassified,(no tier match)
807,Commerce (OK),2003,Unclassified,(no tier match)
811,Quapaw (OK),2019,Unclassified,(no tier match)
814,Park Hill Keys (OK),2019,Unclassified,(no tier match)
816,Webbers Falls (OK),2003,Unclassified,(no tier match)
819,Edmond Memorial (OK),2003,Unclassified,(no tier match)
824,Shattuck (OK),2019,Unclassified,(no tier match)
826,Bray-Doyle (OK),2019,Unclassified,(no tier match)
832,Buffalo (OK),2019,Unclassified,(no tier match)
834,Shawnee North Rock Creek (OK),2022,Unclassified,(no tier match)
835,Ringwood (OK),2025,Unclassified,(no tier match)
836,Tulsa Lincoln Christian (OK),2017,Unclassified,(no tier match)
837,Owasso Rejoice Christian (OK),2019,Unclassified,(no tier match)
838,Tulsa Bishop Kelley (OK),2019,Unclassified,(no tier match)
839,Wayne (OK),2019,Unclassified,(no tier match)
847,Okeene (OK),2019,Unclassified,(no tier match)
848,Oologah (OK),2009,Unclassified,(no tier match)
851,Ryan (OK),2019,Unclassified,(no tier match)
852,Sperry (OK),2018,Unclassified,(no tier match)
854,Grandfield (OK),2019,Unclassified,(no tier match)
858,Oklahoma City U.S. Grant (OK),2016,Unclassified,(no tier match)
859,Ponca City (OK),2003,Unclassified,(no tier match)
860,Crescent (OK),2019,Unclassified,(no tier match)
862,Paoli (OK),2019,Unclassified,(no tier match)
863,Tonkawa (OK),2022,Unclassified,(no tier match)
865,Oklahoma City Casady (OK),2019,Unclassified,(no tier match)
866,Comanche (OK),2014,Unclassified,(no tier match)
874,Anadarko (OK),2003,Unclassified,(no tier match)
875,Oklahoma City Crooked Oak (OK),2016,Unclassified,(no tier match)
883,Tulsa Union (OK),2019,Unclassified,(no tier match)
884,Kiefer (OK),2003,Unclassified,(no tier match)
886,Bethany (OK),2003,Unclassified,(no tier match)
887,Gans (OK),2003,Unclassified,(no tier match)
890,Corn Bible Academy (OK),2015,Unclassified,(no tier match)
902,Arkoma (OK),2019,Unclassified,(no tier match)
903,Seiling (OK),2016,Unclassified,(no tier match)
910,Thomas-Fay-Custer (OK),2017,Unclassified,(no tier match)
916,Broken Bow (OK),2018,Unclassified,(no tier match)
918,Broken Arrow (OK),1926,Unclassified,(no tier match)
923,Muskogee (OK),2003,Unclassified,(no tier match)
924,Guthrie (OK),2019,Unclassified,(no tier match)
925,Canadian (OK),2025,Unclassified,(no tier match)
929,Crescent (OK),2022,Unclassified,(no tier match)
931,Marlow (OK),2019,Unclassified,(no tier match)
944,Fort Gibson (OK),2015,Unclassified,(no tier match)
947,Minco (OK),2019,Unclassified,(no tier match)
948,Sallisaw (OK),2012,Unclassified,(no tier match)
950,Tulsa Cascia Hall (OK),2016,Unclassified,(no tier match)
963,Fairland (OK),2019,Unclassified,(no tier match)
968,Barnsdall (OK),2003,Unclassified,(no tier match)
972,Westville (OK),2015,Unclassified,(no tier match)
973,Ardmore (OK),2019,Unclassified,(no tier match)
974,Collinsville (OK),2019,Unclassified,(no tier match)
980,Okmulgee (OK),2015,Unclassified,(no tier match)
991,Waukomis Pioneer-Pleasant Vale (OK),2010,Unclassified,(no tier match)
998,Oklahoma City U.S. Grant (OK),2019,Unclassified,(no tier match)
999,Clinton (OK),2018,Unclassified,(no tier match)
1001,Tulsa Cascia Hall (OK),1947,InconsistentMargin,Tulsa Central B (OK) (weak-tier) margin=+19
1003,Ringling (OK),2003,Unclassified,(no tier match)
1010,Wagoner (OK),2019,Unclassified,(no tier match)
1013,Oklahoma City Southeast (OK),2015,Unclassified,(no tier match)
1017,Tulsa Holland Hall (OK),2018,Unclassified,(no tier match)
1023,Claremore (OK),2003,Unclassified,(no tier match)
1024,Fairview (OK),2019,Unclassified,(no tier match)
1030,Seiling (OK),2019,Unclassified,(no tier match)
1032,Bartlesville Wesleyan Christian (OK),2019,Unclassified,(no tier match)
1034,Tipton (OK),2019,Unclassified,(no tier match)
1044,Turpin (OK),2019,Unclassified,(no tier match)
1049,Purcell (OK),2019,Unclassified,(no tier match)
1050,Cherokee (OK),2019,Unclassified,(no tier match)
1060,Carnegie (OK),2005,Unclassified,(no tier match)
1064,Pawnee (OK),2003,Unclassified,(no tier match)
1069,Moore Southmoore (OK),2015,Unclassified,(no tier match)
1081,Tulsa Will Rogers College (OK),2003,Unclassified,(no tier match)
1083,Sallisaw (OK),2013,Unclassified,(no tier match)
1084,Claremore Sequoyah (OK),1926,Unclassified,(no tier match)
1087,Broken Bow (OK),2016,Unclassified,(no tier match)
1089,Panama (OK),2019,Unclassified,(no tier match)
1091,Morrison (OK),2018,Unclassified,(no tier match)
1094,Wetumka (OK),2023,Unclassified,(no tier match)
1095,Mustang (OK),2023,Unclassified,(no tier match)
1103,Texhoma (OK),2003,Unclassified,(no tier match)
1108,Jenks (OK),2003,Unclassified,(no tier match)
1109,Tulsa Edison (OK),2016,Unclassified,(no tier match)
1110,Maud (OK),2016,Unclassified,(no tier match)
1111,Tyrone (OK),2019,Unclassified,(no tier match)
1125,Mustang (OK),2003,Unclassified,(no tier match)
1128,Marlow Central (OK),2025,Unclassified,(no tier match)
1130,Gore (OK),1947,Unclassified,(no tier match)
1150,Oklahoma City Life Christian (OK),2019,Unclassified,(no tier match)
1156,Hinton (OK),2022,Unclassified,(no tier match)
1159,Kansas (OK),2003,Unclassified,(no tier match)
1162,Cache (OK),2019,Unclassified,(no tier match)
1165,El Reno (OK),2016,Unclassified,(no tier match)
1166,Altus (OK),1974,Unclassified,(no tier match)
1169,Bartlesville (OK),2003,Unclassified,(no tier match)
1170,Kansas Cookson Hills Christian (OK),2012,Unclassified,(no tier match)
1173,Pawhuska (OK),2003,Unclassified,(no tier match)
1174,Tulsa Victory Christian (OK),2015,Unclassified,(no tier match)
1178,Hooker (OK),2018,Unclassified,(no tier match)
1185,Kansas (OK),2023,Unclassified,(no tier match)
1198,Wynnewood (OK),2003,Unclassified,(no tier match)
1203,Grove (OK),2019,Unclassified,(no tier match)
1207,Oklahoma City Bishop McGuinness (OK),2012,Unclassified,(no tier match)
1211,Tahlequah (OK),2019,Unclassified,(no tier match)
1214,Poteau (OK),2016,Unclassified,(no tier match)
1223,Dewar (OK),2024,Unclassified,(no tier match)
1225,Tulsa East Central (OK),2015,Unclassified,(no tier match)
1234,Quinton (OK),2023,Unclassified,(no tier match)
1235,Locust Grove (OK),2016,Unclassified,(no tier match)
1236,Glenpool (OK),2003,Unclassified,(no tier match)
1240,Del City (OK),2019,Unclassified,(no tier match)
1241,Vian (OK),2019,Unclassified,(no tier match)
1244,Mountain View-Gotebo (OK),2019,Unclassified,(no tier match)
1248,Del City Christian Heritage (OK),2006,Unclassified,(no tier match)
1249,Stroud (OK),2018,Unclassified,(no tier match)
1251,Porum (OK),2016,Unclassified,(no tier match)
1252,Elk City (OK),2003,Unclassified,(no tier match)
1261,Tuttle (OK),2019,Unclassified,(no tier match)
1262,Garber (OK),2019,Unclassified,(no tier match)
1266,Covington-Douglas (OK),2019,Unclassified,(no tier match)
1274,Coweta (OK),2019,Unclassified,(no tier match)
1284,Choctaw (OK),2017,Unclassified,(no tier match)
1285,Oklahoma City Classen SAS (OK),2019,Unclassified,(no tier match)
1289,Maysville (OK),2019,Unclassified,(no tier match)
1290,Tulsa Lincoln Christian (OK),2018,Unclassified,(no tier match)
1294,Edmond North (OK),2019,Unclassified,(no tier match)
1295,Hominy (OK),2003,Unclassified,(no tier match)
1298,Oklahoma City Justice Wilson SeeWorth Academy (OK),2016,Unclassified,(no tier match)
1304,Spencer Star-Spencer (OK),2019,Unclassified,(no tier match)
1310,Enid (OK),2019,Unclassified,(no tier match)
1319,Lawton Eisenhower (OK),2003,Unclassified,(no tier match)
1324,Weleetka (OK),2003,Unclassified,(no tier match)
1334,Hugo (OK),2015,Unclassified,(no tier match)
1344,Sapulpa (OK),2003,Unclassified,(no tier match)
1348,Luther (OK),2019,Unclassified,(no tier match)
1355,Oklahoma City Bishop McGuinness (OK),2003,Unclassified,(no tier match)
1357,Tulsa East Central (OK),2024,Unclassified,(no tier match)
1359,Cashion (OK),2019,ConsistentMultiLevel,Edmond Oklahoma Christian Academy JV (OK) (weak-tier) margin=+76
1360,Ringwood (OK),2019,Unclassified,(no tier match)
1361,Tishomingo (OK),2015,Unclassified,(no tier match)
1367,Norman North (OK),2016,Unclassified,(no tier match)
1370,Spencer Star-Spencer (OK),2016,Unclassified,(no tier match)
1372,Cashion (OK),2022,Unclassified,(no tier match)
1376,Covington-Douglas (OK),2016,Unclassified,(no tier match)
1398,Cushing (OK),2003,Unclassified,(no tier match)
1399,Oklahoma City Putnam City West (OK),2016,Unclassified,(no tier match)
1400,Kingston (OK),2019,Unclassified,(no tier match)
1406,Porum (OK),2019,Unclassified,(no tier match)
1409,Hollis (OK),2019,Unclassified,(no tier match)
