OSSAAName,Division,MatchedDBName,MatchType,Score,Confirmed
Oklahoma School for the Deaf,ManualAdd,Oklahoma School for the Deaf (OK),ManualLiveVerification-MaxPrepsRankings,1,1
Destiny Christian (Heartland Christian League),ManualAdd,Del City Destiny Christian (OK),ManualLiveVerification-MaxPrepsGameNotes,1,1
Garber,B-I,Garber (OK),ExactNormalized,1,1
Laverne,B-I,Laverne (OK),ExactNormalized,1,1
OK Bible Academy,B-I,Enid Oklahoma Bible (OK),ExactNormalized,1,1
Pioneer-Pleasant Vale,B-I,Waukomis Pioneer-Pleasant Vale (OK),ExactNormalized,1,1
Pond Creek-Hunter,B-I,Pond Creek-Hunter (OK),ExactNormalized,1,1
Turpin,B-I,Turpin (OK),ExactNormalized,1,1
Burns Flat-Dill City,B-I,Burns Flat-Dill City (OK),ExactNormalized,1,1
Central High,B-I,Marlow Central (OK),Resolved-ViaOpponentEvidence,1,0
Empire,B-I,Duncan Empire (OK),ExactNormalized,1,1
Hollis,B-I,Hollis (OK),ExactNormalized,1,1
Snyder,B-I,Snyder (OK),ExactNormalized,1,1
Waurika,B-I,Waurika (OK),ExactNormalized,1,1
Cave Springs,B-I,Bunch Cave Springs (OK),ExactNormalized,1,1
Depew,B-I,Depew (OK),ExactNormalized,1,1
Drumright,B-I,Drumright (OK),ExactNormalized,1,1
Foyil,B-I,Foyil (OK),ExactNormalized,1,1
Porum,B-I,Porum (OK),ExactNormalized,1,1
Yale,B-I,Yale (OK),ExactNormalized,1,1
Caddo,B-I,Caddo (OK),ExactNormalized,1,1
Canadian,B-I,Canadian (OK),ExactNormalized,1,1
Dewar,B-I,Dewar (OK),ExactNormalized,1,1
Keota,B-I,Keota (OK),ExactNormalized,1,1
Quinton,B-I,Quinton (OK),ExactNormalized,1,1
Savanna,B-I,Savanna (OK),ExactNormalized,1,1
Boise City,B-II,Boise City (OK),ExactNormalized,1,1
Canton,B-II,Canton (OK),ExactNormalized,1,1
Okeene,B-II,Okeene (OK),ExactNormalized,1,1
Ringwood,B-II,Ringwood (OK),ExactNormalized,1,1
Seiling,B-II,Seiling (OK),ExactNormalized,1,1
Shattuck,B-II,Shattuck (OK),ExactNormalized,1,1
Alex,B-II,Alex (OK),ExactNormalized,1,1
Cyril,B-II,Cyril (OK),ExactNormalized,1,1
Strother,B-II,Seminole Strother (OK),ExactNormalized,1,1
Thackerville,B-II,Thackerville (OK),ExactNormalized,1,1
Weleetka,B-II,Weleetka (OK),ExactNormalized,1,1
Wetumka,B-II,Wetumka (OK),ExactNormalized,1,1
Cherokee,B-II,Cherokee (OK),ExactNormalized,1,1
Covington-Douglas,B-II,Covington-Douglas (OK),ExactNormalized,1,1
Coyle,B-II,Coyle (OK),ExactNormalized,1,1
Davenport,B-II,Davenport (OK),ExactNormalized,1,1
Olive,B-II,Drumright Olive (OK),ExactNormalized,1,1
Waukomis,B-II,Waukomis (OK),ExactNormalized,1,1
Arkoma,B-II,Arkoma (OK),ExactNormalized,1,1
Copan,B-II,Copan (OK),ExactNormalized,1,1
Gans,B-II,Gans (OK),ExactNormalized,1,1
Webbers Falls,B-II,Webbers Falls (OK),ExactNormalized,1,1
Wesleyan Christian,B-II,Bartlesville Wesleyan Christian (OK),ExactNormalized,1,1
Wilson (Henryetta),B-II,Wilson-Henryetta (OK),ExactNormalized,1,1
Balko/Forgan,C,Balko-Forgan (OK),ExactNormalized,1,1
Beaver,C,Beaver (OK),ExactNormalized,1,1
Buffalo,C,Buffalo (OK),ExactNormalized,1,1
Kremlin-Hillsdale,C,Kremlin-Hillsdale (OK),ExactNormalized,1,1
Sharon-Mutual/Taloga,C,Mutual Sharon-Mutual (OK),ExactNormalized,1,1
Timberlake,C,Helena Timberlake (OK),ExactNormalized,1,1
Tyrone,C,Tyrone (OK),ExactNormalized,1,1
Waynoka,C,Waynoka (OK),ExactNormalized,1,1
Bray-Doyle,C,Bray-Doyle (OK),ExactNormalized,1,1
Corn Bible Academy,C,Corn Bible Academy (OK),ExactNormalized,1,1
Geary,C,Geary (OK),ExactNormalized,1,1
Grandfield,C,Grandfield (OK),ExactNormalized,1,1
Mountain View-Gotebo,C,Mountain View-Gotebo (OK),ExactNormalized,1,1
Ryan,C,Ryan (OK),ExactNormalized,1,1
Temple,C,Temple (OK),ExactNormalized,1,1
Tipton,C,Tipton (OK),ExactNormalized,1,1
Billings,C,Billings (OK),ExactNormalized,1,1
Bluejacket,C,Bluejacket (OK),ExactNormalized,1,1
Deer Creek-Lamont,C,Deer Creek-Lamont (OK),ExactNormalized,1,1
Medford,C,Medford (OK),ExactNormalized,1,1
Oaks Mission,C,Oaks-Mission (OK),ExactNormalized,1,1
South Coffeyville,C,Coffeyville South (OK),ExactNormalized,1,1
Watts,C,Watts (OK),ExactNormalized,1,1
Welch,C,Welch (OK),ExactNormalized,1,1
Bowlegs,C,Bowlegs (OK),ExactNormalized,1,1
Fox,C,Fox (OK),ExactNormalized,1,1
Graham-Dustin,C,Weleetka Graham-Dustin (OK),ExactNormalized,1,1
Maud,C,Maud (OK),ExactNormalized,1,1
Maysville,C,Maysville (OK),ExactNormalized,1,1
Midway,C,Council Hill Midway (OK),ExactNormalized,1,1
Paoli,C,Paoli (OK),ExactNormalized,1,1
Sasakwa,C,Sasakwa (OK),ExactNormalized,1,1
