cluster,block,games,newspaper_games,newspaper_share
Bakersfield,1940-1944,15,0,0.0
Bakersfield,1945-1949,80,0,0.0
Bakersfield,1950-1954,133,7,0.05
Bakersfield,1955-1959,319,154,0.48
Bakersfield,1960-1964,481,331,0.69
Bakersfield,1965-1969,628,458,0.73
Bakersfield,1970-1974,839,745,0.89
Bakersfield,1975-1979,897,753,0.84
Bakersfield,1980-1984,993,905,0.91
Bakersfield,1985-1989,1125,1007,0.9
Bakersfield,1990-1994,1064,939,0.88
Bakersfield,1995-1999,1150,944,0.82
Bakersfield,2000-2004,1214,200,0.16
Eureka,1940-1944,17,0,0.0
Eureka,1945-1949,60,0,0.0
Eureka,1950-1954,134,17,0.13
Eureka,1955-1959,153,61,0.4
Eureka,1960-1964,171,65,0.38
Eureka,1965-1969,163,52,0.32
Eureka,1970-1974,210,69,0.33
Eureka,1975-1979,197,93,0.47
Eureka,1980-1984,144,62,0.43
Eureka,1985-1989,182,103,0.57
Eureka,1990-1994,184,106,0.58
Eureka,1995-1999,205,127,0.62
Eureka,2000-2004,219,26,0.12
Fresno,1940-1944,57,0,0.0
Fresno,1945-1949,108,0,0.0
Fresno,1950-1954,193,42,0.22
Fresno,1955-1959,676,499,0.74
Fresno,1960-1964,974,858,0.88
Fresno,1965-1969,945,852,0.9
Fresno,1970-1974,1134,1027,0.91
Fresno,1975-1979,1299,1167,0.9
Fresno,1980-1984,1175,1082,0.92
Fresno,1985-1989,1183,1120,0.95
Fresno,1990-1994,1283,1254,0.98
Fresno,1995-1999,1626,1578,0.97
Fresno,2000-2004,1461,314,0.21
Inland Empire,1940-1944,143,0,0.0
Inland Empire,1945-1949,147,0,0.0
Inland Empire,1950-1954,211,0,0.0
Inland Empire,1955-1959,351,101,0.29
Inland Empire,1960-1964,727,464,0.64
Inland Empire,1965-1969,1158,735,0.63
Inland Empire,1970-1974,1601,1211,0.76
Inland Empire,1975-1979,1772,1356,0.77
Inland Empire,1980-1984,2154,1836,0.85
Inland Empire,1985-1989,2322,2043,0.88
Inland Empire,1990-1994,2476,1933,0.78
Inland Empire,1995-1999,2629,2027,0.77
Inland Empire,2000-2004,2702,484,0.18
Los Angeles,1940-1944,443,0,0.0
Los Angeles,1945-1949,642,0,0.0
Los Angeles,1950-1954,876,21,0.02
Los Angeles,1955-1959,1619,478,0.3
Los Angeles,1960-1964,3609,2347,0.65
Los Angeles,1965-1969,4464,2727,0.61
Los Angeles,1970-1974,5107,3856,0.76
Los Angeles,1975-1979,4837,3472,0.72
Los Angeles,1980-1984,6692,5642,0.84
Los Angeles,1985-1989,6989,6132,0.88
Los Angeles,1990-1994,7043,5927,0.84
Los Angeles,1995-1999,6791,5739,0.85
Los Angeles,2000-2004,6522,1250,0.19
Redding,1940-1944,325,0,0.0
Redding,1945-1949,567,0,0.0
Redding,1950-1954,691,97,0.14
Redding,1955-1959,902,481,0.53
Redding,1960-1964,859,764,0.89
Redding,1965-1969,1072,863,0.81
Redding,1970-1974,1528,995,0.65
Redding,1975-1979,1322,485,0.37
Redding,1980-1984,1191,353,0.3
Redding,1985-1989,1141,596,0.52
Redding,1990-1994,1317,283,0.21
Redding,1995-1999,1323,242,0.18
Redding,2000-2004,1041,39,0.04
Sacramento,1940-1944,285,0,0.0
Sacramento,1945-1949,488,0,0.0
Sacramento,1950-1954,799,179,0.22
Sacramento,1955-1959,1310,915,0.7
Sacramento,1960-1964,1660,1440,0.87
Sacramento,1965-1969,2202,1814,0.82
Sacramento,1970-1974,3017,2283,0.76
Sacramento,1975-1979,2549,1631,0.64
Sacramento,1980-1984,2043,1189,0.58
Sacramento,1985-1989,2257,1652,0.73
Sacramento,1990-1994,2627,1770,0.67
Sacramento,1995-1999,2772,1918,0.69
Sacramento,2000-2004,2311,451,0.2
Salinas,1940-1944,19,0,0.0
Salinas,1945-1949,36,0,0.0
Salinas,1950-1954,115,65,0.57
Salinas,1955-1959,374,303,0.81
Salinas,1960-1964,367,224,0.61
Salinas,1965-1969,496,266,0.54
Salinas,1970-1974,577,434,0.75
Salinas,1975-1979,456,306,0.67
Salinas,1980-1984,503,424,0.84
Salinas,1985-1989,727,677,0.93
Salinas,1990-1994,794,742,0.93
Salinas,1995-1999,851,725,0.85
Salinas,2000-2004,725,143,0.2
San Diego,1940-1944,355,0,0.0
San Diego,1945-1949,456,0,0.0
San Diego,1950-1954,555,0,0.0
San Diego,1955-1959,669,16,0.02
San Diego,1960-1964,1035,69,0.07
San Diego,1965-1969,1270,85,0.07
San Diego,1970-1974,1484,127,0.09
San Diego,1975-1979,1605,143,0.09
San Diego,1980-1984,1866,175,0.09
San Diego,1985-1989,2080,241,0.12
San Diego,1990-1994,2020,248,0.12
San Diego,1995-1999,2477,307,0.12
San Diego,2000-2004,2178,60,0.03
San Francisco,1940-1944,69,0,0.0
San Francisco,1945-1949,161,0,0.0
San Francisco,1950-1954,509,276,0.54
San Francisco,1955-1959,1670,1494,0.89
San Francisco,1960-1964,1519,1192,0.78
San Francisco,1965-1969,1641,1322,0.81
San Francisco,1970-1974,2152,1726,0.8
San Francisco,1975-1979,2114,1644,0.78
San Francisco,1980-1984,2075,1738,0.84
San Francisco,1985-1989,2324,2106,0.91
San Francisco,1990-1994,2684,2479,0.92
San Francisco,1995-1999,3060,2668,0.87
San Francisco,2000-2004,2574,539,0.21
San Jose,1940-1944,25,0,0.0
San Jose,1945-1949,84,0,0.0
San Jose,1950-1954,229,112,0.49
San Jose,1955-1959,743,696,0.94
San Jose,1960-1964,789,520,0.66
San Jose,1965-1969,899,513,0.57
San Jose,1970-1974,1408,635,0.45
San Jose,1975-1979,1665,1097,0.66
San Jose,1980-1984,1400,1182,0.84
San Jose,1985-1989,1741,1574,0.9
San Jose,1990-1994,1828,1694,0.93
San Jose,1995-1999,2051,1831,0.89
San Jose,2000-2004,1643,359,0.22
Stockton,1940-1944,77,0,0.0
Stockton,1945-1949,74,0,0.0
Stockton,1950-1954,291,134,0.46
Stockton,1955-1959,850,731,0.86
Stockton,1960-1964,834,672,0.81
Stockton,1965-1969,774,529,0.68
Stockton,1970-1974,959,659,0.69
Stockton,1975-1979,1033,755,0.73
Stockton,1980-1984,1161,1043,0.9
Stockton,1985-1989,1187,1101,0.93
Stockton,1990-1994,1481,1367,0.92
Stockton,1995-1999,1520,1332,0.88
Stockton,2000-2004,1356,270,0.2
